time_s,ref_east_m,ref_north_m,ref_up_m,eskf_east_m,eskf_north_m,eskf_up_m,ref_speed_mps,eskf_speed_mps,eskf_roll_deg,eskf_pitch_deg,eskf_yaw_deg,phone_gps_is_new_fix,gnss_accepted,gnss_nis,horiz_pos_err_m,vel_err_mps,pos_std_3d_m,min_eigenvalue
156.0,-836.6174388043326,369.0202439986133,-11.205432417654464,-839.830525892907,361.81279728017466,37.10455979243798,12.03111111111111,11.940000000000001,6.757310593432827,-1.1356304026140684,178.45760685611802,True,True,0.0,7.89121136695092,0.09111111111110937,7.614898248375789,0.0001
156.1,-837.4203523225325,369.9217171334351,-11.29558980302486,-840.6590262539929,362.68482441702855,37.107949205811245,12.148055555553901,12.117157107502726,6.520755725873739,-1.0071369081325503,177.96313950280924,False,False,,7.928532337267687,0.030898448051175365,7.620812169707395,9.999093265053313e-05
156.2,-838.2164674998768,370.80093561141854,-11.355745232156382,-841.4841737759361,363.5610614001034,37.118468584450625,12.036111111115877,11.956195291136305,7.549472166619163,-1.7245589002590629,177.07012722290332,False,False,,7.943153209038796,0.07991581997957198,7.638582995738678,9.996181946340729e-05
156.3,-839.0329885346135,371.6912812777245,-11.485904209092645,-842.3001717539692,364.4475769907997,37.12604841802253,12.198888888884168,12.143017897513001,8.91235638134019,-1.6690065086187655,177.13434522545012,False,False,,7.946429260067178,0.05587099137116702,7.6682710900598225,9.991271119667595e-05
156.4,-839.8222973523965,372.5704988141566,-11.546059187058129,-843.1089400627322,365.3427285207664,37.13033178500381,11.913888888893021,11.985327600386817,9.150921128360908,-1.808148271908019,176.88179276603526,False,False,,7.939942299501756,0.07143871149379599,7.709958741654502,9.984351557201359e-05
156.5,-840.5911842514307,373.48309658715743,-11.59621365476741,-843.9065082366712,366.23742381105865,37.13519141581686,11.89,11.98673340402505,8.821684972723325,-1.7351511054203201,177.08814958084687,False,False,,7.9681332258823465,0.09673340402505026,7.763755934476545,9.975403650954665e-05
156.6,-841.380492916968,374.3289289679259,-11.696367114042097,-844.694248333324,367.1402156037629,37.13299596437381,11.746944444444802,11.977015059513395,8.933885361807091,-1.8894290213496274,176.9577709996505,False,False,,7.915716947410662,0.23007061506859294,7.829768349859274,9.964398653706052e-05
156.7,-842.1357683238382,375.2303963584626,-11.75651957116946,-845.4690896555776,368.05504026330317,37.12131560557286,11.771111111111551,12.002483650158826,9.512407347134,-1.8491294795253637,177.36287079473104,False,False,,7.911811814810214,0.23137253904727473,7.908113345011997,9.951297519511554e-05
156.8,-842.9182681653907,376.0984837154287,-11.846673867210514,-846.2293908953442,368.9844738914675,37.107167893599815,11.786111111110676,12.016093404652324,9.516360522728904,-1.6127134897124096,177.46341193730765,False,False,,7.846825441427338,0.22998229354164756,7.998984557282011,9.936033446986154e-05
156.9,-843.6803466741969,376.9888230239153,-11.93682699654832,-846.9790296644127,369.932033011025,37.095468937257685,11.74000000000067,12.150335394347778,9.11306534400207,-1.9903337010741042,176.76363574466083,False,False,,7.7897108262096015,0.41033539434710775,8.102619089706335,9.918524133306744e-05
157.0,-844.4492395828964,377.8346534866339,-12.016978604654213,-847.7199349107842,370.8953515085234,37.08120187603071,11.545,12.157631262441212,9.711231545872318,-1.9216692382029907,176.5454852223598,False,False,,7.671463997913001,0.6126312624412122,8.219178480174552,9.898689811517357e-05
157.1,-845.2045155889858,378.7027364687721,-12.10712993849846,-848.4509053408303,371.87391243853506,37.06413277360725,11.52805555555495,12.274121887927029,9.594912579275091,-2.0140517029364537,176.32188020388006,False,False,,7.561209166318844,0.7460663323720791,8.348868576153247,9.876428568373739e-05
157.2,-845.9597958671317,379.55969305745026,-12.177280817800547,-849.1741851559879,372.8655973946965,37.04810093568689,11.486944444441079,12.276682594436672,9.465418589531478,-2.197611316345946,175.82304139364805,False,False,,7.425847779372519,0.7897381499955927,8.49194978488695,9.85161528594878e-05
157.3,-846.6946560121785,380.4166450402172,-12.26742919568372,-849.8916979350001,373.8642147996645,37.034716316502454,11.371944444447779,12.318092008507861,10.128939921540928,-2.6169602428706438,175.0750582134801,False,False,,7.290776303905385,0.946147564060082,8.648645343939942,9.824123333879075e-05
157.4,-847.4431280828956,381.2847283223379,-12.33758024413806,-850.6034435069006,374.8696566542752,37.02330006794377,11.4211111111104,12.320482083824007,9.739865819871623,-2.949018254263898,175.1111737899913,False,False,,7.151275276870888,0.8993709727136068,8.81916895092953,9.793815122523296e-05
157.5,-848.1711838584653,382.1305516360993,-12.427727454610903,-851.3030216357539,375.8825942104532,37.01181204166859,11.285,12.302082145907349,8.972759357340516,-3.0510121708758673,175.12051203227873,False,False,,6.988946977616781,1.0170821459073487,9.003736181673851,9.760526314795782e-05
157.6,-848.9060470134767,382.96524853329333,-12.517875095866113,-851.9826540637773,376.90573492939683,37.00052845313015,11.236111111109782,12.266242253845792,9.228839483654177,-2.99621153271988,175.5311101702181,False,False,,6.79582342750061,1.0301311427360105,9.202641326465809,9.724061531994013e-05
157.7,-849.6341022477242,383.81107201619693,-12.608022696365436,-852.6489865496953,377.9372761759072,36.988527686788714,11.146111111104378,12.29578658416274,8.666806566877263,-2.9088636366905662,175.97524319035722,False,False,,6.602348440341306,1.1496754730583607,9.416028104566708,9.684279113362116e-05
157.8,-850.3417431334731,384.6235078287956,-12.718165762361554,-853.3080880253102,378.97247473068023,36.97220802235005,10.91611111111778,12.250891068403199,8.819348974946937,-3.124862587613304,175.56987935046274,False,False,,6.382270528058459,1.3347799572854182,9.64387793754135,9.641047941401987e-05
157.9,-851.0561914126622,385.424817219206,-12.828309243018959,-853.9545715086381,380.01587496231997,36.95427684755769,10.916944444444432,12.301475922218067,8.762297941530349,-3.2966491442521053,174.94452235456976,False,False,,6.136551435380971,1.3845314777736348,9.886513502545247,9.594120350727225e-05
158.0,-851.7570260568259,386.23725200516583,-12.938451764078621,-854.5918032219638,381.07323370283575,36.93932447757343,10.77888888888889,12.391252900979122,8.290549566681392,-3.2544702891539994,174.86787228733354,False,False,,5.890929179916124,1.6123640120902323,10.144318338609299,9.543279692467297e-05
158.1,-852.4578617790796,387.0496874695571,-13.03859446650084,-855.2263444110006,382.1377407764761,36.925783485597194,10.839999999998506,12.3958601720331,7.874109327225582,-3.0293668642250386,175.41981211649167,False,False,,5.63841435147484,1.5558601720345937,10.417275080646762,9.488430085680005e-05
158.2,-853.1518955289079,387.86212365509857,-13.108736440098271,-855.8536410810653,383.20900562705145,36.90982260953482,10.738888888889328,12.435130804423128,8.70942751302085,-2.76623901277553,175.7516702717567,False,False,,5.380607438899429,1.6962419155338004,10.70539342280945,9.429389468250507e-05
158.3,-853.8459257677316,388.6856869843672,-13.188879270699012,-856.4690614012761,384.28601282780454,36.89130639737711,10.753888888888454,12.376553190715537,8.718914776452241,-2.8795350910319515,175.86635145668635,False,False,,5.122301556516964,1.6226643018270828,11.008811388267205,9.366030812778882e-05
158.4,-854.5263468423427,389.48699207366803,-13.279019105062531,-857.0743888525745,385.366811335619,36.87154075542582,10.668888888890123,12.402286847024163,9.095935935494094,-2.8290652479759895,175.9811148878809,False,False,,4.844420233639584,1.7333979581340397,11.327646105136889,9.298203822299046e-05
158.5,-855.1999632942634,390.2882966634532,-13.359158200775141,-857.66801156056,386.46308553227317,36.850353682365196,10.490000000000002,12.535910718764242,9.027084204418049,-3.250850192791607,175.64811775976338,False,False,,4.5523073757022585,2.0459107187642402,11.662184971703354,9.225774716259295e-05
158.6,-855.8735833803536,391.06734598264177,-13.439296103575757,-858.2461545725217,387.57173408548306,36.81549343627228,10.446944444444696,12.482433001788076,7.178228364665172,-2.4782072796756696,176.00115705782687,False,False,,4.224736275492676,2.0354885573433794,12.011846733294622,9.149280909005014e-05
158.7,-856.5472007028826,391.8686513331309,-13.509435541569538,-858.806172166486,388.67295186278994,36.76183101789515,10.463888888883158,12.250104346230849,6.64988617782822,-1.7453587298994169,176.57009494973664,False,False,,3.9134955191123075,1.7862154573476907,12.37603213824913,9.068532743438193e-05
158.8,-857.2072121732796,392.6365713718243,-13.579571268791296,-859.3548676031909,389.7663296919147,36.69928314246343,10.268055555561235,12.24859006587143,8.103862600610293,-1.9857816633267702,176.7360252350421,False,False,,3.584788856643845,1.9805345103101946,12.75515172835112,8.98339793609234e-05
158.9,-857.8604183055826,393.3933620065574,-13.659705557874052,-859.9095884567118,390.8797761596803,36.63351113189349,10.116944444446634,12.665719717862176,10.62317177736519,-2.5472547582963134,176.38274560847628,False,False,,3.2430251491315967,2.5487752734155418,13.14976403541395,8.893744525876332e-05
159.0,-858.5272369919821,394.15015570378074,-13.729841830091033,-860.4663913673163,392.01798824316126,36.56980149247445,10.163055555555557,12.708911688464616,9.471340106544158,-2.9750781853271207,176.53682899852114,False,False,,2.882092602867263,2.5458561329090585,13.560447688108944,8.79951449059567e-05
159.1,-859.1736356312636,394.9069446717947,-13.819975517655806,-861.0074872699274,393.1637248314539,36.50688389455602,10.06499999999873,12.664752255989075,8.702919472052296,-3.1589728998892093,176.8391639804355,False,False,,2.5301832432430413,2.599752255990346,13.987211320036987,8.701204496407928e-05
159.2,-859.8200367439212,395.66373494469894,-13.890109362187518,-861.5305897493838,394.31100900205433,36.44656873723055,9.9788888888874,12.582848764901893,9.475992635300107,-3.457629782515889,177.16165934374834,False,False,,2.180793218166518,2.6039598760144926,14.430181924134404,8.598535469539621e-05
159.3,-860.4596344777873,396.39826813240154,-13.97024105982647,-862.0415095910001,395.4850801658001,36.390841790870724,9.92805555555703,13.051541832530196,11.124315242106341,-4.720459521528915,175.3897827679499,False,False,,1.8265380193545866,3.123486276973166,14.88999727798928,8.491990380560309e-05
159.4,-861.0788109817637,397.15505315584045,-14.05037154274962,-862.5545500150464,396.6928240449315,36.33329316027488,9.801111111112952,13.21768699238904,10.520420678787964,-5.101957898743466,174.74047531290577,False,False,,1.5464350763371364,3.4165758812760885,15.36613613240576,8.382504640084691e-05
159.5,-861.7048048264402,397.8673306163221,-14.100500316452184,-863.0786421415849,397.9115009613071,36.273063668145525,9.656944444444445,13.34153363129131,10.456127468757744,-5.423406956609192,174.94169552625888,False,False,,1.3745471937550968,3.684589186846866,15.857896132330339,8.270188291518545e-05
159.6,-862.3375948912762,398.60186218159083,-14.190631538324915,-863.588429198103,399.1315498609567,36.22108080779853,9.693888888887338,13.12690524126254,10.98200415824098,-5.3043313881960685,174.79565493025396,False,False,,1.358365010152533,3.4330163523752013,16.366521091701284,8.154147914233587e-05
159.7,-862.9499736318653,399.3252644361267,-14.250759455999237,-864.0771148490977,400.3587520312504,36.17729166080498,9.588888888888158,13.306322720340663,11.366959369968797,-5.163124143799476,174.9625900460521,False,False,,1.5292298495839973,3.717433831452505,16.892389924563968,8.036586771507115e-05
159.8,-863.5827698983983,400.0375420389817,-14.320889573969806,-864.5630628651024,401.60218113266075,36.13503365132473,9.563888888889615,13.407426917941558,11.463244144895139,-5.255718307299806,175.42319788138914,False,False,,1.8463666466978825,3.8435380290519436,17.434830427509002,7.917158564320257e-05
159.9,-864.2019512531871,400.7609443582394,-14.401018692623015,-865.0486851674759,402.85681958186785,36.09386231044564,9.513888888889614,13.512046734988395,11.180875377305151,-5.431407277855858,175.74075252377975,False,False,,2.260453776264092,3.998157846098781,17.99367223871323,7.797019930359767e-05
160.0,-864.8075276209936,401.46209026410503,-14.461144712982247,-865.5317047312305,404.12664568775773,36.05021842296685,9.336111111111112,13.674067939361448,11.234691756605779,-5.607168917594751,176.53449008272523,False,False,,2.7612113451722893,4.337956828250336,18.568778803418322,7.676309616622166e-05
160.1,-865.4403211974981,402.16323849567544,-14.5612745514868,-866.0070277878641,405.4127065955331,36.006675719564385,9.513055555554182,13.761868649739554,11.127416983460318,-6.005225189279046,176.71135954893657,False,False,,3.298514709919737,4.248813094185373,19.16056475609646,7.55520877946726e-05
160.2,-866.0527036422674,402.8755146583348,-14.601402466664513,-866.4753878981427,406.7050761753982,35.96604591236301,9.419999999999154,13.742588072159032,11.671699057686629,-6.359105692375677,177.0018743713601,False,False,,3.8528175914696066,4.322588072159878,19.769054617910122,7.434545084243159e-05
160.3,-866.68550556564,403.56553850890907,-14.651531881129213,-866.9364133057458,408.0032844008781,35.92615735570329,9.391111111111949,13.82207001538452,12.051231260053253,-6.505249996395562,177.4695247637847,False,False,,4.444833325978935,4.430958904272572,20.39407360474032,7.314865847057601e-05
160.4,-867.3047047977955,404.2666927741319,-14.62166029108321,-867.3921162925936,409.3117660711077,35.88442493508832,9.261944444446318,13.901817487794114,11.894200034466369,-6.251939288128841,178.56318218125097,False,False,,5.045830490739938,4.639873043347796,21.035480963459097,7.196567967530313e-05
160.5,-867.9170872979963,404.9678408438375,-14.67178791405945,-867.8452806738433,410.6267623526135,35.8438587377585,9.393055555555556,13.927893361607135,11.730016969140449,-6.447787626807168,179.3223768962938,False,False,,5.659377071176659,4.534837806051579,21.69343283715329,7.079450466053268e-05
160.6,-868.5226796179712,405.6801237217168,-14.591915457018697,-868.2922857583444,411.9503470188461,35.81168538488547,9.254999999999395,14.020612437887868,11.46606958317647,-6.304517140354721,-179.78465929999862,False,False,,6.2744546796049665,4.765612437888473,22.368862995280175,6.963512129070219e-05
160.7,-869.1827264207465,406.32564900491417,-14.532046286427766,-868.7348144971121,413.28536713179983,35.78752532918289,9.21388888889024,14.112658451606164,11.53404361500077,-6.162480100541019,-179.07036827306845,False,False,,6.9741165388194295,4.898769562715923,23.061846635995032,6.850481237443329e-05
160.8,-869.7951165558582,407.02680113646494,-14.522174315005573,-869.1855254234675,414.6259268490192,35.76206210909594,9.259999999998662,14.178434183676721,11.316387051255887,-6.097395738506879,-178.23936755368214,False,False,,7.62353677395818,4.918434183678059,23.770952873204774,6.740935715497968e-05
160.9,-870.4551560718272,407.65006615439296,-14.54230399050558,-869.647663615166,415.96356717317616,35.730476923099175,9.173055555556816,14.133212852725698,11.042620979533663,-6.47279544593558,-177.36811742073868,False,False,,8.352624932132054,4.960157297168882,24.49533055399135,6.634133151109754e-05
161.0,-871.0879602169981,408.3512207776057,-14.552435068920744,-870.1111972417871,417.3051035061371,35.70645325244216,9.400000000000002,14.258944112174246,10.475108238490641,-6.464710370939316,-176.54426725326135,False,False,,9.007001822251148,4.858944112174244,25.23695271787503,6.527810899006291e-05
161.1,-871.7820276985012,408.9522347243675,-14.602568219917387,-870.5729804928235,418.6558555320616,35.70280058873208,9.325000000003577,14.291966071487941,10.467591334179795,-6.144477188968052,-175.3123113368761,False,False,,9.778652868625166,4.966966071484364,25.997571157607116,6.424586887113812e-05
161.2,-872.4896957619435,409.59776057299933,-14.672706220152168,-871.0357265826282,420.0099013307466,35.70922694977722,9.566944444442663,14.327021587239388,12.068767107184723,-6.405434760389244,-174.84235252355478,False,False,,10.513168006530671,4.760077142796725,26.775860901122176,6.326114038655632e-05
161.3,-873.1973722796761,410.2099047842087,-14.722842216151573,-871.5077733298889,421.37428850496764,35.71435452486435,9.506111111112876,14.548086199366338,12.648728980391878,-6.4126961419817485,-173.8182762398354,False,False,,11.29151046031795,5.041975088253462,27.570578981978784,6.230804578412179e-05
161.4,-873.9663157787056,410.7552958720868,-14.742982426537587,-871.9886147543098,422.75519192305364,35.7202815200173,9.553055555554876,14.69671357704194,12.673866246593636,-6.427385196388207,-173.10537326617154,False,False,,12.161776456418965,5.143658021487065,28.382231671804345,6.13799920572443e-05
161.5,-874.6944424573759,411.2561736523161,-14.69311431453454,-872.4723387055712,424.15347721016485,35.727674619115355,8.966111111111111,14.895501322456337,12.437101472851767,-6.579007062858703,-172.33528536317692,False,False,,13.087329144905116,5.9293902113452255,29.211129664102888,6.048684481410252e-05
161.6,-875.4634019122186,411.77931544646947,-14.623253359175735,-872.9597868810704,425.5669033541421,35.73486006752749,9.223055555562295,15.007215801117415,12.266135119483275,-6.684872842758222,-171.7380237387546,False,False,,14.013053505071317,5.784160245555119,30.057031574162945,5.962172007567507e-05
161.7,-876.2595705638283,412.34697031689035,-14.59339914515937,-873.4459038477287,426.9949022307975,35.746099960594094,9.678888888892086,15.163385096707229,12.260048581557772,-6.643668773561768,-171.07044352676894,False,False,,14.915717540358104,5.484496207815143,30.920618073456698,5.8779983444099066e-05
161.8,-877.0693482802384,412.90349813190096,-14.593546230566457,-873.9331334725126,428.44314758437974,35.761253739155585,9.78805555555239,15.398272886642612,12.114938519571872,-6.368222993903343,-170.37635294299906,False,False,,15.852966549706794,5.610217331090222,31.802061043010372,5.7971120269801975e-05
161.9,-877.8655097087164,413.47115002872914,-14.613692317167782,-874.4361515079416,429.90998426225957,35.77986317829628,9.798055555555411,15.618259582380514,12.35878069718831,-6.188818873973414,-169.526593667039,False,False,,16.792729635967863,5.8202040268251025,32.700933407141164,5.7186845787845316e-05
162.0,-878.668478771521,414.0499328848026,-14.603840212812315,-874.9611821183844,431.3764834336025,35.79429530540757,9.893055555555556,15.537423361037458,11.900863120258968,-7.013282655442044,-170.70197438767784,False,False,,17.718730270379872,5.644367805481902,33.61553309604912,5.64459746114974e-05
162.1,-879.5190927954243,414.6064696960689,-14.583993370881743,-875.4973818652951,432.84183742551716,35.797242671400866,10.118055555555953,15.670287990787509,12.336475490125798,-7.2584006089373885,-170.77621374360098,False,False,,18.673585489501537,5.552232435231556,34.54521891629813,5.5714565346162465e-05
162.2,-880.3560926601082,415.1852602160345,-14.554146263853285,-876.040360299516,434.32536680321147,35.79217841613503,10.145000000011123,15.925450179955444,12.347035813011772,-7.102713815386397,-170.1223870913964,False,False,,19.62063265995153,5.780450179944321,35.4912330472721,5.500264670617199e-05
162.3,-881.206695269475,415.84194963112725,-14.48430627416736,-876.5926996844277,435.82452563385937,35.78792399722706,10.524999999988983,16.028245723686634,12.037950993421163,-7.336183730662562,-170.4940449762547,False,False,,20.50834705586487,5.503245723697651,36.45459731534886,5.430425626027994e-05
162.4,-882.0573094761266,416.5097734098823,-14.314467193294593,-877.1516927425052,437.33814395282417,35.7845730955037,10.619999999998624,16.2427161497323,11.913945336028087,-7.3360735274724025,-170.928262944387,False,False,,21.398273178256098,5.622716149733675,37.43541301291899,5.36351973357744e-05
162.5,-882.8943004679406,417.1887180236347,-14.214627143914043,-877.7217440149448,438.8828583858471,35.77837475735282,10.628055555555557,16.68836437174848,12.223465884125064,-7.216548157710031,-171.28687577394774,False,False,,22.302265945746473,6.060308816192924,38.433728493394966,5.2977685429984185e-05
162.6,-883.7517084491094,417.88992377688425,-14.084791557939635,-878.3060846525832,440.4622279037089,35.775046598283694,10.886944444440484,16.991777499595564,12.501863062899808,-6.748833965573364,-170.48983470872736,False,False,,23.21989948572467,6.10483305515508,39.45043563418371,5.2338058626457224e-05
162.7,-884.6023266938935,418.5243644236831,-13.924950838815379,-878.8964999739608,442.07384319494565,35.773493884577604,10.618888888894663,17.33572234330247,12.356660292255473,-6.435973730041257,-169.83394336927296,False,False,,24.230856546066295,6.7168334544078085,40.485608035986374,5.1721103940095404e-05
162.8,-885.466544572999,419.19218808458373,-13.805114375228307,-879.4869589207325,443.71637384528515,35.76964815415249,10.816111111105394,17.573191822923246,12.19097657237391,-6.572013602838924,-169.7743253929307,False,False,,25.242645103043028,6.757080711817851,41.53887088359879,5.112574877687904e-05
162.9,-886.3579848125609,419.837759504816,-13.715280410101508,-880.0793157958021,445.38438470150857,35.76268069142013,10.994999999997408,17.828538594770894,12.26762228081333,-6.878978528477705,-170.01782527017534,False,False,,26.3068763550957,6.833538594773486,42.60993340204043,5.054611494746707e-05
163.0,-887.2426142311276,420.4721989089747,-13.67544495562447,-880.6743916703891,447.0769288444855,35.75403017262424,10.931111111111111,18.05406101637024,12.244853340257386,-7.030132319155562,-169.7036099045358,False,False,,27.40352536716507,7.12294990525913,43.69900686064609,4.998119453331904e-05
163.1,-888.1680904668696,421.0732661318093,-13.585613155924264,-881.2735351469786,448.7983164498771,35.742743214233336,11.051111111110401,18.40023780648279,12.264043517876216,-7.070077679704202,-169.4258219685543,False,False,,28.569447110478517,7.349126695372387,44.806164968952565,4.94332089911971e-05
163.2,-889.1071804849212,421.6520799984547,-13.505781971528588,-881.8759842469715,450.55307347074535,35.722860326587906,11.003055555558719,18.708106614444212,11.442314956525115,-7.219654780390407,-169.46792926826288,False,False,,29.79190532203543,7.705051058885493,45.93083438095625,4.8904094693307725e-05
163.3,-890.0394508574291,422.2531435397212,-13.495951500614552,-882.4808445891678,452.32948268979965,35.69986483686441,11.111111111107979,18.826016202315436,11.460392206159678,-7.6891365467161465,-170.38452973971997,False,False,,31.01158985587714,7.7149050912074575,47.0734189315158,4.8380754774499175e-05
163.4,-890.9989485065503,422.84308584049177,-13.46612427989155,-883.088955366383,454.1198494867706,35.680261517394236,11.229999999998277,18.992487485961448,11.656969478744866,-7.100072825435661,-169.69278804981047,False,False,,32.26149307863297,7.76248748596317,48.23460761899656,4.787250777939208e-05
163.5,-891.9788711767087,423.4107786808802,-13.406298629605118,-883.7076285268314,455.93119200227324,35.66477919634135,11.308055555555557,19.290646386309657,13.981643397411366,-7.825071604511502,-170.3936699499621,False,False,,33.55578545597447,7.9825908307541,49.41468322716613,4.737352865748397e-05
163.6,-892.9451830676816,423.98959826111087,-13.326472018955783,-884.3354929965764,457.78028521118216,35.65519443899929,11.258055555554064,19.765822991975494,15.47062716983379,-8.318546464641818,-170.35794881354752,False,False,,34.87029233714862,8.50776743642143,50.61469963199238,4.68857501765345e-05
163.7,-893.8910687240307,424.57953868273376,-13.296643492239786,-884.9661712692947,459.6566705932331,35.645726429609255,11.15694444445478,19.825456314631158,14.89394560502516,-8.98091144652285,-170.87423482747704,False,False,,36.194736877674984,8.668511870176378,51.83367193599906,4.641583675796725e-05
163.8,-894.8913993827077,425.14723184306945,-13.2968212996391,-885.5924743756717,461.55325473930515,35.6230192482054,11.509999999989768,20.124937527204658,14.381832491169753,-9.677644417674225,-171.57834309557126,False,False,,37.57483878086129,8.61493752721489,53.06958297611811,4.5961381027135905e-05
163.9,-895.8713123273328,425.7483071824192,-13.25699868144441,-886.200566400827,463.4792813194882,35.58524764497572,11.405000000001523,20.2779786614947,14.784317157857547,-9.614648788087909,-171.08070264514387,False,False,,38.95060636379363,8.872978661493176,54.322881675968276,4.551045830795821e-05
164.0,-896.851227072733,426.3382550514424,-13.217175525065386,-886.7955551883194,465.4343844264201,35.541459854150695,11.445,20.604347810706024,14.73376034858827,-9.80456597496843,-170.82849938572,False,False,,40.36860003953541,9.159347810706024,55.59482229292477,4.506783491038499e-05
164.1,-897.8447356060617,426.9615832715536,-13.257356718276409,-887.3853780466688,467.4211665507994,35.4917648188542,11.721111111111052,20.85755257570563,14.579043318536222,-9.910002734633096,-170.8436681002732,False,False,,41.78966426863771,9.136441464594578,56.885429711292595,4.463625328157478e-05
164.2,-898.8382579378731,427.58491839111946,-13.19753812936064,-887.9649298395364,469.4336388566935,35.43300478176245,11.716944444446696,21.044751734407416,14.286705482891229,-9.945983718542191,-170.58038629048914,False,False,,43.23823156119865,9.32780728996072,58.19415893381189,4.421513757871141e-05
164.3,-899.8453857404821,428.20825352528493,-13.177721671807353,-888.5342837766987,471.47650986126126,35.36509078059464,11.793888888886658,21.39188824680382,13.659400004688159,-9.931569110046778,-170.4932768747306,False,False,,44.72228788860049,9.597999357917162,59.521252687970545,4.380068875968902e-05
164.4,-900.8388950681549,428.8538403800881,-13.177905010324478,-889.0961343095047,473.553283096075,35.294035501061614,11.851944444443603,21.660547305382757,12.997795510222783,-9.998948058628299,-170.41143973227176,False,False,,46.216150957805745,9.808602860939153,60.86778821076063,4.3393206403315097e-05
164.5,-901.832409150733,429.5105584801597,-13.128089319859413,-889.6421812323639,475.6515186014962,35.22541916054036,11.811111111111112,21.724384600345108,13.175447517278918,-10.042285259486002,-170.49504812730117,False,False,,47.72410143334865,9.913273489233996,62.23433091555205,4.299470048399215e-05
164.6,-902.8259215711693,430.1672761156475,-13.088273851322075,-890.1725513201773,477.7703664795953,35.160185864600145,11.893055555555186,21.97973741826997,13.36420035711954,-10.016119095107705,-170.43527452105354,False,False,,49.256085826087194,10.086681862714784,63.62106754435264,4.2603889686554814e-05
164.7,-903.8330485248623,430.8128694616567,-13.038459777821624,-890.6914548008491,479.917244909687,35.093482405310034,11.868055555556785,22.214864150048335,13.380119233126361,-10.135818542683374,-170.5000642254281,False,False,,50.83248148328136,10.34680859449155,65.02758143467383,4.2222992092192594e-05
164.8,-904.8265599665007,431.5029732502901,-12.958647012244581,-891.1970698777134,482.0935575971556,35.023169562998525,11.909999999998785,22.493158589172896,13.512399306952707,-9.898062703944028,-170.09118246566499,False,False,,52.39437207026786,10.583158589174111,66.45372581764727,4.184788708863747e-05
164.9,-905.8336843722591,432.1596947065398,-12.9088341424882,-891.6853631989816,484.2901474572011,34.951523877965684,11.931944444444127,22.534445226819805,13.68925001086294,-9.55168394330155,-169.92420263455443,False,False,,54.01628547032034,10.602500782375678,67.89959095128312,4.1480363457972035e-05
165.0,-906.8340012892763,432.7941570607993,-12.899019023831585,-908.4241673855868,424.61307462440135,37.8198156207559,11.833888888888888,12.034444052260596,5.611922235981972,-5.7542148748857,-169.85356609968142,True,True,1.9738380987955766,8.334190905240552,0.20055516337170864,10.803356773352956,4.1119733847792054e-05
165.1,-907.8275176610059,433.38410630740714,-12.909200132309266,-909.2158171669249,425.5311729939659,37.897959286260715,11.596944444443695,12.262023123954716,6.152355271194829,-6.025139920976471,-170.31982949916522,False,False,,7.974706085084875,0.6650786795110211,10.977433192564103,4.0766191090294354e-05
165.2,-908.8210323695815,433.9740550743206,-12.929381451079925,-910.0040578805797,426.47407433983506,37.97029848847103,11.546111111113895,12.361120858857342,5.802350109205447,-5.6095105789078294,-170.53084076201065,False,False,,7.5927110031481115,0.8150097477434475,11.168717804918895,4.041960230242555e-05
165.3,-909.8077327898696,434.58625608429867,-12.979563523285288,-910.7726379392303,427.42891588124394,38.041694890307284,11.641111111108359,12.196666481332482,5.841690910358624,-5.849232249118226,-171.3622447521272,False,False,,7.222088391146031,0.5555553702241234,11.377632343022775,4.007508290372662e-05
165.4,-910.7876329910213,435.1984587521098,-12.989744840159597,-911.5296913334191,428.40036734615205,38.11469382447199,11.556111111112344,12.479048771072689,6.021994665267257,-5.953383763740531,-171.55666606973023,False,False,,6.838471857606687,0.9229376599603452,11.604699619185295,3.973883349110846e-05
165.5,-911.767534371818,435.81066229972805,-12.98992636416665,-912.2759824194678,429.3839686002291,38.18934664950746,11.491944444444446,12.260440033382126,5.4796079499581225,-5.787712164976564,-172.03596569980655,False,False,,6.446775265536924,0.7684955889376806,11.850242913642822,3.940620616364527e-05
165.6,-912.7406395357265,436.37835476575003,-12.980104082187127,-913.0071778573342,430.3728921443243,38.26851781697673,11.28305555555322,12.388421043538761,4.686597771865094,-5.591391184165234,-171.62645362208187,False,False,,6.011374549487606,1.1053654879855408,12.114530568095313,3.908043765102045e-05
165.7,-913.720556968505,436.90153730935987,-12.980279919275816,-913.7364889876208,431.3739284591946,38.34921641226924,11.125000000001464,12.434880551169563,3.902719003306448,-5.039557720165698,-171.57314291145514,False,False,,5.527631810247371,1.3098805511680993,12.397860356672998,3.876036368348793e-05
165.8,-914.7004686252843,437.446974710086,-12.990457477415521,-914.4588308799993,432.383304022743,38.42871766922745,11.17499999999855,12.44077768328929,4.494186330790223,-4.929620263249868,-171.7149423550317,False,False,,5.06943287062796,1.2657776832907413,12.700231029388881,3.844592347038489e-05
165.9,-915.6803974204564,437.9145199582709,-12.980629885012121,-915.1724947776172,433.39614653113387,38.51138724153789,10.913888888892675,12.394926231662211,5.3311426117558804,-4.491325012157506,-171.84049890188845,False,False,,4.546830051987979,1.481037342769536,13.021780884283977,3.813363952637185e-05
166.0,-916.6603274666656,438.3820660910008,-12.960802477532155,-915.8799514620772,434.41459086937596,38.59846022704018,10.82388888888889,12.467494319938236,4.747980876754621,-4.383254037050946,-172.00305926652655,False,False,,4.04349432332291,1.6436054310493464,13.362716892777451,3.7827334168422557e-05
166.1,-917.6402420118947,438.9163770918176,-12.960979846672652,-916.5831280149944,435.44132555696314,38.67911802033981,11.0099999999991,12.473903464021797,3.957235351212564,-4.355648084668179,-172.081904179628,False,False,,3.632282088761392,1.4639034640226978,13.722674138319023,3.7527300686855286e-05
166.2,-918.6133575633424,439.40617563098493,-12.971153366595535,-917.2787338541702,436.49168961757454,38.76275224265326,10.948888888888954,12.780806652152727,3.256264787639034,-4.31262801315598,-172.1332682639909,False,False,,3.2055341469791587,1.8319177632637729,14.102583095322677,3.722669704067361e-05
166.3,-919.5796603878031,439.9404844774612,-12.971329163786459,-917.9701287346414,437.57887313091203,38.85616242705823,10.951111111111047,13.055251119331226,1.7619143237618542,-3.532831583030484,-171.50355712570277,False,False,,2.857936369949317,2.1041400082201793,14.503350012236147,3.693414371529463e-05
166.4,-920.5459657252261,440.4525374735283,-12.981503613244906,-918.6431849771933,438.6786183416145,38.95274823342627,11.021944444443418,12.806359155533556,3.4888641559094222,-3.629043390962447,-172.11373777676022,False,False,,2.6014157033534953,1.7844147110901378,14.923886467408348,3.6645571107846804e-05
166.5,-921.4986518656231,440.99797044266336,-13.001678597066672,-919.2911721735659,439.78230123494546,39.058238526363105,10.985,12.878033926214323,5.356994786860357,-2.708698923332109,-172.25739703499949,False,False,,2.520082977490682,1.8930339262143239,15.364183347137514,3.635957797718691e-05
166.6,-922.4445334246499,441.5211455832845,-13.041851246127194,-919.9397773856206,440.9021999225324,39.17378551930918,10.933888888888667,13.108260194451264,3.1180496272505684,-2.2727138710142922,-172.13192327335847,False,False,,2.5800962280538338,2.1743713055625964,15.824779056231943,3.607871708236258e-05
166.7,-923.3972233086845,442.0443235630039,-13.062025059612516,-920.5866216658567,442.029164237153,39.290927100992235,10.918888888884936,12.985401387687912,1.2638904939496236,-2.520033446115594,-172.22492239449818,False,False,,2.810642524375274,2.0665124988029753,16.304798453205958,3.580299532302311e-05
166.8,-924.3363037784926,442.5563714926416,-13.082196320175866,-921.223144077029,443.1509640393875,39.404946726431476,10.783888888892804,12.911329952374311,2.659615581609388,-2.810705272378322,-172.4091413954892,False,False,,3.169432697418045,2.1274410634815073,16.803260159130208,3.553095878828497e-05
166.9,-925.2821847066979,443.0795471637909,-13.122369515301031,-921.8534014307577,444.2725900511697,39.51822652612471,10.824999999999404,12.919756357314524,3.5359218988910626,-2.7821165203234286,-172.44886136798507,False,False,,3.6304140376122773,2.09475635731512,17.32031100718631,3.526152409323136e-05
167.0,-926.2144541293198,443.60272044927683,-13.162540922701595,-922.4772734390287,445.3983438156326,39.63290576695025,10.756944444444445,12.923683409079139,2.8318586242457595,-2.5514115198412943,-172.3032949714002,False,False,,4.1461768878917145,2.1667389646346944,17.856198498752455,3.499538485308264e-05
167.1,-927.1535304381189,444.12589588283015,-13.192713496235385,-923.0901822582214,446.52709326203717,39.74740477798625,10.713055555553856,12.866921309359512,2.3243444114546685,-2.489005729795248,-172.39499726658408,False,False,,4.719803733735865,2.153865753805656,18.410673590050816,3.473282354344704e-05
167.2,-928.085806542754,444.6268155569503,-13.21288371033556,-923.6921948272226,447.65787122371165,39.86080484879309,10.598055555552483,12.854292756977715,2.231581388558819,-2.4172050662221944,-172.29700372916292,False,False,,5.337707594263738,2.2562372014252325,18.983491423000995,3.447339790198425e-05
167.3,-929.0112803616051,445.11660714580137,-13.223052333055836,-924.2847470592263,448.78775907252674,39.97741723984087,10.4930555555586,12.76909433274016,2.0346739603513284,-2.2863860271353262,-172.2298585459339,False,False,,5.984770131558552,2.27603877718156,19.574772851007946,3.4216514793425084e-05
167.4,-929.9299412347132,445.62865157079557,-13.253221693139512,-924.8648389364321,449.9126877466685,40.09681125146773,10.483888888889021,12.657250205099404,2.303562432153787,-1.9842581974375906,-171.9648067219399,False,False,,6.633869703893823,2.173361316210382,20.184213895620218,3.3963506244395776e-05
167.5,-930.8486019080018,446.14069616272593,-13.283391225265177,-925.4341133862748,451.0337898909186,40.21633339958021,10.47888888888889,12.603316410483398,2.574313291877374,-2.0003687049682632,-172.17490328617725,False,False,,7.297879978787806,2.1244275215945088,20.81152650835854,3.371308040866119e-05
167.6,-931.75364963985,446.652737642609,-13.323558947677636,-925.9941270398028,452.1552998466379,40.33531067274877,10.413888888888167,12.58067836417111,3.0597853001919635,-2.381214839763128,-172.24241711149782,False,False,,7.965569119005945,2.1667894752829433,21.4567488185377,3.346592981085527e-05
167.7,-932.6586992808567,447.15365161151067,-13.36372605710932,-926.5475192288745,453.2817283232451,40.45582312035791,10.364999999996666,12.635367820649538,3.1860085698610705,-2.18236395065463,-172.21912300887828,False,False,,8.654469701411314,2.270367820652872,22.120212364733163,3.322106145693679e-05
167.8,-933.5569466572811,447.6434374777244,-13.393891561746052,-927.0964942575549,454.41115609719594,40.58223691092596,10.251111111114415,12.607271862207975,2.454275116191326,-1.850757737767821,-172.0414471714036,False,False,,9.356252482776922,2.35616075109356,22.802226391807054,3.29792098553236e-05
167.9,-934.4551938465172,448.1332235034944,-13.424057229190328,-927.6402091556606,455.53631920969553,40.7095750897489,10.215000000000524,12.515116244278744,1.7276617908438796,-1.3934329025948373,-171.6887524998393,False,False,,10.062298066136965,2.30011624427822,23.50193712908234,3.2740861244926045e-05
168.0,-935.3466316310872,448.6341353652223,-13.464222846456039,-928.1828124984717,456.6524019009092,40.833277932078246,10.21111111111111,12.42781379313977,2.2367858004910683,-1.284438057968883,-171.53641852921825,False,False,,10.752344060815084,2.216702682028659,24.21853954600516,3.250497220122319e-05
168.1,-936.2312642369393,449.1239177100315,-13.514386846951131,-928.7313725738403,457.7620435040531,40.95303917798588,10.10499999999867,12.444613249529958,2.27424994971363,-1.316979499267691,-171.39202866801458,False,False,,11.439650003018597,2.339613249531288,24.952000119193865,3.227165970630081e-05
168.2,-937.1090960664422,449.602572648729,-13.54454922402954,-929.2876337507495,458.8666713779454,41.07178267575566,10.014999999998976,12.404945402920237,2.209621683257995,-1.2522733148990068,-171.01895182642235,False,False,,12.124306084080493,2.3899454029212617,25.702654843829823,3.2040454586763006e-05
168.3,-937.9869298378319,450.0701000641761,-13.574710972825962,-929.847214273645,459.96538804801884,41.19529884392829,9.980000000001017,12.378748096465674,2.2357076670857556,-1.3305966621880403,-170.4046899722349,False,False,,12.812950235954597,2.398748096464658,26.471109046892646,3.1811595581657984e-05
168.4,-938.8647619653465,450.53762692568876,-13.614872879423658,-930.4119727798926,461.063655120643,41.3196396614924,9.893055555556815,12.445631748902462,2.4139160435783316,-1.3906573953580297,-169.3235113779839,False,False,,13.499885724505118,2.5525761933456472,27.25717023223885,3.158586441058264e-05
168.5,-939.749408865925,450.9717736336254,-13.63503357881649,-930.9856638902454,462.16042902371447,41.44149169651093,9.815000000000001,12.429317879725728,2.5987969621750913,-1.359971176753052,-168.4610514095722,False,False,,14.212291702498911,2.6143178797257267,28.060380270213823,3.136248034736365e-05
168.6,-940.627247026585,451.40591778074645,-13.675193429167333,-931.5693488048748,463.24644599614606,41.56286299916167,9.791944444444166,12.349142553038034,2.4712967927163567,-1.1737632886778817,-167.28652119711612,False,False,,14.907837824934054,2.5571981085938678,28.880533978783596,3.114186008881938e-05
168.7,-941.5050828924884,451.8511897538601,-13.715354216182941,-932.17217801477,464.32221590100795,41.68562784290182,9.77305555555245,12.437313579004588,2.3583538390434984,-0.9195973945245565,-166.75855409441564,False,False,,15.576572364271449,2.6642580234521382,29.717851266874145,3.092383606013882e-05
168.8,-942.382927111983,452.2519511838967,-13.755512001180309,-932.787603995168,465.40374173169175,41.82510192860039,9.666944444447521,12.607575195018542,3.094404393056059,-0.43332391204384957,-165.48654442276734,False,False,,16.280043621844385,2.940630750571021,30.575025441917674,3.070729063241243e-05
168.9,-943.2607697017978,452.65271205595457,-13.805669930290078,-933.4142823360509,466.4867687257896,41.989820248527266,9.641944444444807,12.63603971068427,3.6875857855017147,0.10279702389798699,-163.49584656088896,False,False,,16.980413345617404,2.994095266239464,31.453025360762098,3.0494916780726895e-05
169.0,-944.1454271262855,453.0200927857951,-13.83582663860821,-934.0525508668219,467.5576861392237,42.165974646540214,9.565,12.545619518326317,3.3539653430768586,0.863007008805625,-161.32044045856335,False,False,,17.69767701418736,2.9806195183263178,32.34964748150612,3.0287215550929722e-05
169.1,-945.0232800950254,453.36521559733177,-13.88598090423267,-934.6987747337434,468.60651709427464,42.339095785802144,9.431111111110003,12.337145566555368,2.37323208223232,1.632838190965966,-159.51401874541884,False,False,,18.409038059492737,2.906034455445365,33.262751098417596,3.0084389742858614e-05
169.2,-945.9079428360894,453.68808452242246,-13.936134732498859,-935.3686806027308,469.6230489169206,42.50237582278249,9.356111111110842,12.23321677613468,3.0433900299626777,1.5904492255868319,-158.1634323337705,False,False,,19.104950632687398,2.877105665023839,34.190920055270716,2.9885494912226485e-05
169.3,-946.7994204634549,453.97757331547564,-13.966287331369763,-936.0604300580096,470.6138673108594,42.66078160398913,9.346944444444711,12.142643355715736,3.8123387760005074,1.6251159717631283,-156.34280577340616,False,False,,19.80131795687065,2.7956989112710247,35.13511926539842,2.9689413051793093e-05
169.4,-947.6977057511829,454.25593590428576,-13.996440284717028,-936.7685286845793,471.58652473255665,42.82104011770024,9.293888888889658,12.133365935191417,3.1604710248708296,1.4217145842723566,-154.6497343483969,False,False,,20.488929217696086,2.8394770463017593,36.0967320470988,2.949766218330804e-05
169.5,-948.5959995085964,454.48978796570225,-14.026590204612916,-937.494289238272,472.5378354445322,42.98281018476372,9.22388888888889,12.01695846137252,3.0488920528595598,1.061459237275078,-153.05074931619225,False,False,,21.189147899911557,2.7930695724836294,37.07568787408286,2.930966247626275e-05
169.6,-949.4942959805771,454.70138412939735,-14.066738672198309,-938.2326419531589,473.46455368313286,43.150591121743545,9.183055555554622,11.918589245065727,3.0486368497481524,1.317980881354866,-150.97439153385378,False,False,,21.883358589016726,2.7355336895111044,38.07260978527734,2.9125011087388477e-05
169.7,-950.3994044408067,454.8795987503046,-14.106885904631186,-938.9807537329784,474.3687826036403,43.32698827200342,9.119999999998976,11.817909106169568,3.0698222611675945,1.2849240382194456,-149.29861825301418,False,False,,22.587914274153533,2.6979091061705915,39.0881127065212,2.8945232857849012e-05
169.8,-951.3045229166631,455.01330355987307,-14.137030095318217,-939.7502048762886,475.25874455000843,43.50147725742191,9.085000000001015,11.97100165310283,2.866880783132191,1.87097765595346,-147.1962539017973,False,False,,23.31051578715444,2.8860016531018147,40.12117931066975,2.876934947459879e-05
169.9,-952.2028415014761,455.1247525854776,-14.1571718136397,-940.5452584873165,476.12490819840446,43.67113330924813,8.923888888891225,11.79089216710322,3.2693201326742094,1.6362131589631863,-145.39395416818806,False,False,,24.01886295183779,2.8670032782119943,41.17108158568906,2.859807346330172e-05
170.0,-953.1011613679453,455.2139450031266,-14.197312072448256,-941.358219811521,476.9550026334194,43.847121525788594,8.96,11.71456222334254,2.974761663347673,1.7974113031853993,-142.69161773292154,False,False,,24.709720016246827,2.754562223342539,42.23909057484052,2.843024266889933e-05
170.1,-953.9926762261827,455.29200787613297,-14.247450648471206,-942.1919087470552,477.74817143077723,44.026623066882294,8.851111111110475,11.583086490840259,2.641430291607974,2.0706203849944917,-140.2065152744328,False,False,,25.368038842002846,2.731975379729784,43.324994382636824,2.8268720161270825e-05
170.2,-954.8910104547898,455.31443529761725,-14.277586395433657,-943.0355153260227,478.5149258136935,44.204801265954565,8.808055555554061,11.493655216972819,4.481812683296888,3.4095598171584647,-136.95897577124038,False,False,,26.054088449507553,2.685599661418758,44.42866419839458,2.811207442270328e-05
170.3,-955.7825463508971,455.314607644595,-14.287719661357576,-943.8965987185096,479.2629068496535,44.38563069198237,8.756944444445926,11.607752487926913,5.815741691610301,4.169193305322753,-134.41925633574397,False,False,,26.735683756636238,2.8508080434809866,45.55111768093397,2.7963616554465234e-05
170.4,-956.6740945569281,455.2591425065144,-14.28784908023175,-944.7931252013167,479.98542095895203,44.57109092563056,8.708055555556264,11.720718813712809,4.662121302549898,4.89007006974529,-132.2103091844346,False,False,,27.432576964923637,3.012663258156545,46.69260382873849,2.7820411105853686e-05
170.5,-957.552027030547,455.20367273763554,-14.317976586377313,-945.7115553998173,480.6877805782284,44.7618518112499,8.63,11.717106874878436,3.8683328410109596,5.429931459118199,-129.9520221750486,False,False,,28.100471897622697,3.087106874878435,47.85359892876716,2.7680384776122794e-05
170.6,-958.4367701468743,455.11482072004907,-14.358102849965498,-946.6421330240113,481.36942528352665,44.9521228045106,8.676944444442585,11.666643307614706,4.643778803321177,5.058279096048708,-128.23831288671838,False,False,,28.78224670946653,2.989698863172121,49.033280367355836,2.754388613755276e-05
170.7,-959.3010933946881,455.02596345917385,-14.418226171822191,-947.5894518088436,482.0260527619457,45.137952908404564,8.55111111110956,11.686210660175494,5.484735125612037,5.170882987991488,-125.8299024441577,False,False,,29.43072155066774,3.1350995490659344,50.230998887919256,2.7408931539035192e-05
170.8,-960.158630063433,454.8703418435826,-14.438343829581456,-948.5627344451244,482.66036919228696,45.32230925517259,8.498055555557094,11.841527434647185,5.498404097212216,5.649463968695145,-123.81315783583936,False,False,,30.112296744560084,3.3434718790900906,51.44750366206403,2.7277584145272633e-05
170.9,-961.0025538538483,454.69245952420744,-14.498457972064793,-949.557311244089,483.2744255058492,45.5032865203034,8.491111111111213,11.81576468014105,4.819365745242521,5.978142743269698,-122.31965829099741,False,False,,30.788347759696006,3.324653569029838,52.68270502522882,2.71483209756516e-05
171.0,-961.8532973681441,454.48119923149784,-14.50857087776214,-950.570070618098,483.8676990557235,45.678291688418966,8.48,11.920335531432404,5.793094212447105,5.972339357134981,-120.84886297862468,False,False,,31.478207982859676,3.440335531432403,53.93626925187198,2.7019053302317546e-05
171.1,-962.6972329809846,454.2588079453947,-14.548682084474013,-951.6160821674165,484.4490556029594,45.8508536950402,8.581111111111879,12.262677889103893,6.891931119251751,5.868959793558182,-119.39424276721384,False,False,,32.15964796104165,3.681566777992014,55.209206078696965,2.6889766692972716e-05
171.2,-963.5411788819445,453.99190683411115,-14.578790243477531,-952.6935058328803,485.0178896819116,46.01855906189956,8.633055555555027,12.336218336860755,7.332729847519794,5.942728951134992,-118.84768923841929,False,False,,32.86766834217784,3.7031627813057284,56.50122116625755,2.6760816922054347e-05
171.3,-964.3715224924267,453.70274999193265,-14.578894886832042,-953.7961244839183,485.5676941677473,46.18038102233815,8.615000000000524,12.518959605344033,7.86925925227983,6.655064597552486,-117.60714803698838,False,False,,33.57400349029209,3.903959605343509,57.812060086307135,2.6629181427034202e-05
171.4,-965.2154818280646,453.3913406169275,-14.579000125802848,-954.9294215391945,486.10571174839185,46.33831133891052,8.808888888886079,12.77039885144038,7.828065341138933,6.898044244327728,-116.50343254949946,False,False,,34.293339219059135,3.9615099625543007,59.14240211306977,2.6497259708716986e-05
171.5,-966.059441105052,453.0576739108085,-14.6091039116165,-956.0913275264257,486.6310696869781,46.49084215594611,8.86111111111111,12.916157301307036,7.898695425885642,6.449974456086681,-116.16558036853434,False,False,,35.02193872788477,4.055046190195926,60.49203402869839,2.636473050045805e-05
171.6,-966.8966052799955,452.70175351372853,-14.599205216469057,-957.2700814512674,487.164007335392,46.636589499651826,8.933055555557653,13.12184922021178,7.9981129374196165,4.787166811996408,-115.59389202572945,False,False,,35.78151617097615,4.188793664654128,61.86123722336264,2.622935047497894e-05
171.7,-967.747378490123,452.33470613294116,-14.61930792059737,-958.4702926230416,487.70502409658883,46.773610761354654,9.074999999998774,13.352667701104336,9.629636451784478,4.442228373474305,-115.0902737141988,False,False,,36.56670227180375,4.277667701105562,63.24978138000197,2.6092838493166864e-05
171.8,-968.5777393023884,451.9453995408944,-14.639406090466153,-959.7043400868251,488.24101388725995,46.908055679798885,9.033055555556773,13.689836250936517,8.40717218238393,4.14474141697476,-116.33250227146239,False,False,,37.364539799372004,4.656780695379744,64.65852269260438,2.595491956674428e-05
171.9,-969.4149148087073,451.5338412131321,-14.629503845921308,-960.9709441075655,488.7774357738585,47.0371929483977,9.128055555554178,13.942576175572446,8.67824671329476,4.779991735679825,-115.36562051475994,False,False,,38.18882005254296,4.814520620018268,66.08721711710989,2.5812342128266977e-05
172.0,-970.2656986903646,451.1222842963715,-14.639603807328882,-962.2629147982454,489.31386666120676,47.1604926502213,9.261944444444445,14.144073841426898,8.906645089022442,4.869463656864075,-115.38401699408892,False,False,,39.02103937049803,4.882129396982453,67.53579759720398,2.567022693294849e-05
172.1,-971.1232913852991,450.7107302843603,-14.629704941400076,-963.5772007374245,489.8597975512527,47.283529971560654,9.398888888888285,14.425392087608355,8.982349504303295,4.877411009770484,-115.56376332614192,False,False,,39.86969967197656,5.02650319872007,69.0054258096277,2.5527114670381146e-05
172.2,-971.9808796642367,450.29917430098516,-14.649806217706285,-964.9164259728925,490.4137756149917,47.403821182735115,9.35805555555784,14.659974867455375,9.151024040562032,5.015152552421022,-115.89459561378871,False,False,,40.73190082157772,5.301919311897535,70.49573089729046,2.538320313739754e-05
172.3,-972.8520854414546,449.8876239841171,-14.629909706872334,-966.2727668193471,490.97075753860304,47.524377545526214,9.436111111108849,14.763994698144101,8.723292143811191,5.3855803201671915,-116.0736820853824,False,False,,41.606625628461366,5.327883587035252,72.00709590116797,2.523870039227713e-05
172.4,-973.7300909128576,449.47607234545904,-14.650014378222572,-967.6421162564322,491.5285922640362,47.6462195589671,9.55888888888711,14.908567177527209,8.62806529352181,5.546850797537814,-116.44444514355271,False,False,,42.49091511040455,5.349678288640099,73.5396584481893,2.50941026582664e-05
172.5,-974.6149067372318,449.06452432617607,-14.640120235171167,-969.0313771514767,492.0935205653386,47.767594202176014,9.651944444444444,15.18414898416598,8.328989135150296,5.83399518435894,-116.98361897040627,False,False,,43.389749019611386,5.532204539721535,75.09337763869338,2.4949461524713484e-05
172.6,-975.5133339879208,448.65297916477925,-14.630228317536547,-970.4431947513617,492.67445390408807,47.88887490620558,9.733055555556028,15.445505130206334,8.557580858811027,6.136987760028091,-117.12007215664923,False,False,,44.31248751877623,5.7124495746503055,76.66856997614445,2.4805132738969553e-05
172.7,-976.4117590166086,448.23030438268415,-14.650335772071992,-971.8738948839251,493.26582937176295,48.01155554960298,9.76500000000296,15.613673135217653,8.657607758908943,5.78238829080531,-117.57440614684293,False,False,,45.26356947842974,5.848673135214693,78.26540247945852,2.466201967612387e-05
172.8,-977.323797849021,447.8187622516356,-14.6404462431982,-973.318299529993,493.8600418173882,48.136639929824774,9.86611111110818,15.723469176970378,8.523510886475565,5.801375878182775,-117.58595441704283,False,False,,46.21518625771757,5.857358065862197,79.88390402095294,2.451972810732378e-05
172.9,-978.235833775904,447.4072188845339,-14.650556871340052,-974.7766389295632,494.46359929150583,48.260477439831334,9.909999999999364,15.93976979470734,8.078122481166654,5.573925603142063,-118.08564064161227,False,False,,47.1833547555767,6.029769794707976,81.52357722722705,2.43787124790148e-05
173.0,-979.161482664525,446.9956790965067,-14.65066974171117,-976.2550089893865,495.08416674312497,48.38264058972419,9.99888888888889,16.219957799877722,8.622858786623242,5.384058896235385,-118.6080910768719,False,False,,48.17624137853876,6.221068910988832,83.1846326730169,2.423875468462909e-05
173.1,-980.1007385568467,446.6063975358858,-14.650786416907296,-977.754604463117,495.7220507766092,48.50799178091735,10.055000000000398,16.468952472941723,8.982679898278048,5.252908792806602,-119.20026343298106,False,False,,49.17165584408101,6.413952472941325,84.86804950593972,2.410044123128194e-05
173.2,-981.033191174883,446.2059871293019,-14.65090143230409,-979.2786896171442,496.37721405406677,48.63269211632883,10.081944444448926,16.80353719576342,8.640521973840286,5.515722352584455,-119.7981137883419,False,False,,50.20189525159743,6.721592751314493,86.57324599635159,2.3963996037892614e-05
173.3,-981.9928658273143,445.81671069963755,-14.641021569428036,-980.8250677591392,497.04724819776595,48.75252095746528,10.234999999995562,16.987608822584644,8.02253517453467,5.745810023461246,-120.28129551782932,False,False,,51.243845724878746,6.752608822589082,88.29942299414344,2.382946270721493e-05
173.4,-982.9593447390208,445.42743511749745,-14.641142921266036,-982.389729688856,497.7301414395069,48.87047418273031,10.271111111110587,17.237689140524033,7.656930828178071,5.870084613572893,-120.70372084574427,False,False,,52.30580799406258,6.966578029413446,90.04708564727692,2.3696651815605293e-05
173.5,-983.9258193539889,445.0604150687036,-14.64126599394902,-983.9730300554039,498.42873455472017,48.98654285995156,10.29888888888889,17.451653075674685,7.3224826275638994,5.758352245311422,-121.2873945920435,False,False,,53.36834036778606,7.152764186785795,91.81634084803746,2.356579560039643e-05
173.6,-984.9195219950172,444.6822743814976,-14.621392654721287,-985.5755734011261,499.1465996137309,49.09648042464058,10.451944444445378,17.737037982039578,7.722546921761358,5.866746012556751,-121.69723014312753,False,False,,54.468276330814284,7.2850935375942,93.60651922471112,2.343689097154045e-05
173.7,-985.9200244376738,444.3263899009375,-14.61152209335969,-987.1994403067284,499.8816470877465,49.200720551549665,10.515000000001171,17.97354422979558,7.8721442684550595,5.999677719268507,-122.2387994188979,False,False,,55.5699874577859,7.458544229794407,95.41779510045974,2.331016115634696e-05
173.8,-986.9273326723763,443.97050698814724,-14.601652758056447,-988.8418036995063,500.6267606338137,49.29756475344194,10.554999999998842,18.148300137305245,6.851164831567425,5.794996373039824,-122.97332691522912,False,False,,56.68859035534238,7.593300137306404,97.24975016345527,2.3185722940146775e-05
173.9,-987.9482523455539,443.6146270142207,-14.591785705844417,-990.4973634764848,501.37754673384336,49.38259746278078,10.744999999997248,18.24856066451102,6.485173028790848,5.781437868544376,-123.81735636858836,False,False,,57.81913923687736,7.503560664513774,99.1014154899772,2.3063068431758082e-05
174.0,-988.9759724841225,443.2698748987935,-14.601920664203192,-989.627069873024,436.9791475185068,36.697687449449155,10.761944444444445,16.62775892096118,0.22294220470362722,11.356636362675696,-123.0769196447525,True,True,1.372298020352563,6.324332279610461,5.865814476516736,12.406804096706004,2.2942342705865868e-05
174.1,-990.0173009570605,442.9251243471504,-14.632057912077643,-991.2250136862591,436.4810781683959,36.64324521328682,10.773055555558853,16.86539674994985,-0.307983979307048,10.981074367232845,-123.52675109561966,False,False,,6.556241392001121,6.092341194390995,12.56848404277153,2.282300413563548e-05
174.2,-991.0722432691138,442.59150651531604,-14.632198233041477,-992.840299005333,435.9804036532177,36.58517328675454,10.99611111110994,16.976589291129667,-1.2546160299906828,10.968249421690754,-123.90708226771797,False,False,,6.843442272688694,5.980478180019727,12.744490370967249,2.2705510180691706e-05
174.3,-992.1339875751943,442.26901725933044,-14.642340573711625,-994.4627697776599,435.46919974169424,36.525138287567664,10.956111111112271,17.066842317438976,-0.7704658904919353,10.718464252795137,-124.79095335566397,False,False,,7.187540943860615,6.1107312063267045,12.9351434531322,2.2589670633314764e-05
174.4,-993.209341757327,441.94653028759654,-14.662485221348525,-996.0949050998987,434.9491041174508,36.46882261904875,11.116111111108792,17.211729188331255,-0.2362930283908602,10.900866899328104,-125.0720071601088,False,False,,7.569045435894398,6.095618077222463,13.140831657628144,2.2476165099625235e-05
174.5,-994.2983089242069,441.6240469943366,-14.672632184231219,-997.7450522730257,434.43445064677036,36.41741467635594,11.20111111111111,17.374926863347497,-1.0784303794417227,11.13345316669933,-125.2072450443406,False,False,,7.973100736449058,6.173815752236386,13.361932494060449,2.2364545443992776e-05
174.6,-995.3872686142768,441.3238179028399,-14.702780889089686,-999.4026739071044,433.9194271281381,36.37071649179211,11.215000000001286,17.353791088343694,-1.805251915030017,10.932105850288483,-125.56097439945503,False,False,,8.42309221189918,6.138791088342408,13.598548088944067,2.225443761313918e-05
174.7,-996.4898397234564,441.02359181071137,-14.732931915383746,-1001.0683181243114,433.4035452223459,36.32582491856154,11.301944444444477,17.53235404521412,-2.0775122160851076,11.09888530510882,-125.72735487200961,False,False,,8.889745467444865,6.230409600769644,13.850814736990658,2.2145817395957945e-05
174.8,-997.5924109567743,440.72336596979557,-14.76308314686117,-1002.7551505471843,432.89256075034524,36.2762149173941,11.303055555555526,17.73225407127841,-2.591907251319908,11.345719520048304,-126.23103387621218,False,False,,9.379519735218688,6.429198515722883,14.119073149320622,2.20386616205377e-05
174.9,-998.7153983944683,440.41201546800204,-14.813237003113427,-1004.4485277533779,432.3740187286106,36.21961030358008,11.486111111108459,17.70602178519633,-3.1291350750536937,11.503545640881946,-126.7283712085764,False,False,,9.873103049622182,6.219910674087872,14.403067316365666,2.1933190330480256e-05
175.0,-999.845192302567,440.0895382485857,-14.873391368823803,-1006.1393997164531,431.84188565940815,36.15956187210724,11.605,17.767153319584356,-3.6515809967412047,12.01140333721582,-126.74562671032957,False,False,,10.375009407262509,6.162153319584355,14.702634423680344,2.18291896476461e-05
175.1,-1000.9885882291346,439.86721793113907,-14.863554989902307,-1007.8365766525635,431.296662928521,36.10339418271187,11.621111111111496,17.902784416558603,-3.0549350688851034,12.141267048632058,-126.93971584224643,False,False,,10.970385521954885,6.281673305447107,15.018331084815765,2.172614082017123e-05
175.2,-1002.1319856588386,439.62264115792067,-14.873717288639185,-1009.54301990225,430.73920405059505,36.053777303232344,11.646944444442893,18.01492948651988,-3.5745039967500505,12.253969152077882,-127.50950056339454,False,False,,11.568875632351885,6.367985042076986,15.350444584041734,2.1624582147275062e-05
175.3,-1003.28217750598,439.4337043932979,-14.883884701608867,-1011.2606500280871,430.1777791792629,36.00741730307602,11.593888888890428,18.138204794617984,-4.396615343720968,12.771619751605204,-127.69764949821625,False,False,,12.21999080825453,6.544315905727556,15.698889203116483,2.15246279272609e-05
175.4,-1004.4391780593775,439.2225132567697,-14.904051865452194,-1012.9851246803526,429.6123275984192,35.96187073930735,11.69388888888744,18.169723670535873,-3.7338532908985727,12.437470692065826,-128.15088777556798,False,False,,12.860360494034397,6.475834781648434,16.06335896678229,2.142572728995105e-05
175.5,-1005.5961801058746,438.98906567447125,-14.944217713482402,-1014.7172526502,429.0283612175112,35.91669375948703,11.656944444444447,18.400213585334555,-3.23335758517744,13.241310913630715,-128.0584995539325,False,False,,13.505909730105163,6.743269140890108,16.44413009098439,2.1328430870720223e-05
175.6,-1006.7599842196731,438.7890041481136,-14.964387147942299,-1016.4567425429282,428.43022130846583,35.868059308663476,11.751111111111658,18.40184332754346,-2.8022271128223384,13.774079108357068,-127.82231684155404,False,False,,14.189133303292223,6.650732216431802,16.840903788762475,2.1231882768073217e-05
175.7,-1007.9305968807092,438.5444308575919,-15.024554814214895,-1018.1959983284983,427.82079197702393,35.809912675967006,11.788055555557019,18.47580554507137,-3.707020252750466,13.526131988316196,-128.11963059212863,False,False,,14.845029394551517,6.6877499895143515,17.252846438230762,2.113587818297575e-05
175.8,-1009.1080130059265,438.31098691585817,-15.084724540401954,-1019.9280611950842,427.19845080142693,35.74315169326429,11.838055555554106,18.358165105619406,-2.927610768107396,14.459748482905532,-128.09232592235696,False,False,,15.51005808210377,6.5201095500653,17.67941471996337,2.1040589589335546e-05
175.9,-1010.2922450603244,438.06642042337296,-15.094894806424856,-1021.659732245379,426.5672133475811,35.67588346314475,11.98805555555338,18.52912410862429,-3.057995445584606,14.260434783208186,-128.61369727902814,False,False,,16.169462831965777,6.541068553070911,18.12116557972056,2.0946122483969696e-05
176.0,-1011.4968889065035,437.8552421093164,-15.095070823624468,-1023.4005772948547,425.9224733913087,35.60899226094593,12.118055555555555,18.623323343080166,-3.766653137785231,14.354174915036706,-128.94377963808068,False,False,,16.854933002668076,6.505267787524611,18.578861244299144,2.0853055220986453e-05
176.1,-1012.7015295138581,437.6218053193467,-15.145245550280597,-1025.147786732238,425.2647383420608,35.542052139874116,12.120000000000369,18.73894132020778,-3.6208917564894323,14.282360677850814,-129.114992548565,False,False,,17.538712125672326,6.61894132020741,19.052228799172216,2.0760807697391664e-05
176.2,-1013.9061710966413,437.39949786852947,-15.175421271169563,-1026.9010666819115,424.59139150501176,35.47573238949813,12.145000000002018,18.847659546793395,-3.984192879138839,14.212242420386962,-129.39741509178242,False,False,,18.245955713287767,6.702659546791377,19.54130098071195,2.0669505170789563e-05
176.3,-1015.1176223134308,437.166065135518,-15.19559754858268,-1028.6593178608478,423.9047164027599,35.406912826114294,12.213888888886892,18.929099984323926,-4.455928174434402,14.129509648062921,-129.8982575706697,False,False,,18.953651060171918,6.715211095437034,20.045712693913202,2.057898630646183e-05
176.4,-1016.3358761108342,436.93263273529533,-15.235775145256653,-1030.4249795623973,423.2131644674153,35.33533372810556,12.258888888888237,19.023137541394416,-4.324405999129265,14.56355103430683,-130.08207297625702,False,False,,19.665366653643012,6.764248652506179,20.565284692541216,2.048950525700033e-05
176.5,-1017.5677444998794,436.6992048252573,-15.255955149573595,-1032.2003903647023,422.5133725782882,35.25890180673903,12.361944444444445,19.174533920083938,-4.771719806231055,14.444962540254032,-130.50635893798358,False,False,,20.380190419730344,6.812589475639493,21.10008370321998,2.040076831203653e-05
176.6,-1018.7996106944512,436.4769048952895,-15.276136161008472,-1033.9822679436497,421.80441204853764,35.177935957494796,12.44000000000071,19.21441295781955,-4.427284054877434,14.807362429561138,-130.61788444148598,False,False,,21.113861027406287,6.774412957818841,21.649825040990265,2.0312862477525903e-05
176.7,-1020.0382810509416,436.2546059992195,-15.306318503619055,-1035.7684499758063,421.0844796798772,35.09581233481497,12.488055555556931,19.336974077368865,-4.338426931823897,14.932971909999102,-130.7830546783336,False,False,,21.85339669135175,6.8489185218119335,22.214522880227218,2.0225599931647224e-05
176.8,-1021.2905628166202,436.03231024435155,-15.336503270993438,-1037.5619728645988,420.351092074792,35.015415651964716,12.534999999998641,19.449973197394705,-4.9546892392107225,14.999516204560093,-131.18435615516,False,False,,22.59777396627341,6.914973197396064,22.79466161915316,2.013897190249748e-05
176.9,-1022.5360351171033,435.82114038105044,-15.376687962849402,-1039.359289047283,419.6076553484974,34.938255659282355,12.5519444444442,19.480797600500715,-5.16982159014823,14.33168732628835,-131.77902444746974,False,False,,23.364480942236394,6.928853156056515,23.38994114286574,2.0053107812558173e-05
177.0,-1023.7951211338356,435.59884599829775,-15.416874323036069,-1041.1602078083731,418.85117474656056,34.86315328345969,12.646944444444445,19.615296995473162,-5.351455603269006,14.02454481021097,-132.1944239123544,False,False,,24.125313004611282,6.968352551028717,24.000331838701506,1.996834351637903e-05
177.1,-1025.05420582046,435.3988086455406,-15.43706245950178,-1042.9680666229601,418.08216568490946,34.78895577019345,12.636111111111392,19.705116266409963,-5.931240317200946,13.78778388046406,-132.50129286500444,False,False,,24.915307188098726,7.069005155298571,24.62597007337066,1.988436171615682e-05
177.2,-1026.313288995828,435.19877093437873,-15.467250849115121,-1044.7750121279505,417.3031173140772,34.71422729977421,12.655000000001904,19.678194239443354,-5.240509819881848,13.756726435993665,-132.64991237704612,False,False,,25.711663491593747,7.02319423944145,25.265946017151904,1.9800949038334732e-05
177.3,-1027.5791779174297,434.99873496815246,-15.497440587114914,-1046.5916797020973,416.5154493416266,34.63852106687078,12.719999999998116,19.95233427650708,-4.737977496760267,13.729139487531977,-132.9270814845271,False,False,,26.516166232389757,7.232334276508965,25.921012906308498,1.9718022776032518e-05
177.4,-1028.8586743060864,434.8098291631053,-15.53763353273321,-1048.4222995393022,415.72336344679286,34.55858571487889,12.798888888887745,19.972483603123738,-4.190853263669866,13.993588870279346,-133.42308908177435,False,False,,27.331824048271795,7.173594714235993,26.591093059631532,1.963575591584699e-05
177.5,-1030.1245619703388,434.63205055691674,-15.547825304702997,-1050.2602598916772,414.9195858487933,34.473279256153816,12.751944444444444,20.184539500311583,-3.535116362670232,14.607544602518109,-133.23638890024927,False,False,,28.178495269414224,7.432595055867139,27.275740324407717,1.955433593269715e-05
177.6,-1031.4040570891,434.46540211848543,-15.568020286991887,-1052.1020949797353,414.0966295716519,34.38549194982202,12.821944444445478,20.200753732316407,-3.4069701933842644,14.994325755272481,-133.25353818099987,False,False,,29.03955350185011,7.378809287870929,27.97513953987283,1.9473006209629956e-05
177.7,-1032.6971573139717,434.3210115297271,-15.59821924301767,-1053.9445649897402,413.2588439799615,34.29610606552702,12.891944444444649,20.318764220008138,-3.333812520933871,14.922891717483854,-133.3046240508467,False,False,,29.91767428853228,7.426819775563489,28.688929594979605,1.9391870453782754e-05
177.8,-1033.98345194577,434.1766198508082,-15.62841736425043,-1055.793082796158,412.40793238360783,34.20669655505558,12.89888888888869,20.41995061156037,-3.1436004434227143,14.664478596802713,-133.65988277734158,False,False,,30.81453799547937,7.52106172267168,29.417658917876505,1.9311014744402766e-05
177.9,-1035.2697466410546,434.0322285091701,-15.658615746394066,-1057.647115823507,411.5464335166678,34.1180126554355,12.883055555555785,20.506735674719966,-2.642829623548814,13.970018044679163,-134.25836996848045,False,False,,31.723140260267655,7.623680119164181,30.161259788845445,1.923075501667261e-05
178.0,-1036.5628423692467,433.9100942784191,-15.688817010105879,-1059.510570699669,410.6815374015463,34.02727432266075,12.946944444444446,20.6211077204266,-2.8955399713840313,13.992292192069351,-134.5485559069919,False,False,,32.65216822982784,7.6741632759821545,30.919548153806158,1.9151395708798885e-05
178.1,-1037.8559374265142,433.79908873841197,-15.709019294352904,-1061.378548296505,409.81375046221814,33.93502301032514,12.951111111111112,20.614364175002336,-2.9909749343477725,13.868791240485255,-135.3169541389735,False,False,,33.59478641641375,7.663253063891224,31.692091640896802,1.9072409069887423e-05
178.2,-1039.1558389152638,433.6769566267564,-15.739222191061604,-1063.245716407483,408.93677220128734,33.842420701165835,12.951111111112487,20.68466291759345,-3.107969987401307,14.055849909119209,-135.60137255205302,False,False,,34.53112976715876,7.733551806480962,32.47876291453148,1.8994333190473795e-05
178.3,-1040.4557381036,433.5659525271953,-15.769426111312532,-1065.1191845991725,408.04793432071904,33.75074938641529,12.998055555554195,20.828357061682564,-3.4222038209027157,14.364567917324566,-135.81550139999933,False,False,,35.48879888395806,7.830301506128368,33.28042558108542,1.8916586320298868e-05
178.4,-1041.7556333531058,433.46607576224307,-15.80963105315631,-1066.998872020236,407.1428206336355,33.66216806166339,12.991111111111213,20.934839777171362,-2.6005288524393335,14.376009842843303,-135.79075204317616,False,False,,36.47101395590004,7.943728666060149,34.09746907968816,1.8839111407375808e-05
178.5,-1043.0555246487165,433.37732633258906,-15.859837017115552,-1068.8886735796302,406.2183579474049,33.57113447339043,12.978055555555555,21.180643945748148,-2.4988727601645992,14.341720584674798,-135.71301888218514,False,False,,37.48281135979797,8.202588390192593,34.92990110817906,1.876185068448453e-05
178.6,-1044.3554208726841,433.2885792850824,-15.880043246849935,-1070.785000999732,405.27701540049776,33.47753622123816,12.929999999999911,21.20349932597988,-2.3452427449230355,14.242120244168401,-135.5346948399548,False,False,,38.51195161183348,8.27349932597997,35.777328312166546,1.8684636927727004e-05
178.7,-1045.6485058414148,433.2109574453615,-15.920249384832985,-1072.6799756289513,404.3219421856784,33.38240254068522,12.923888888889364,21.280193591949043,-2.8540272405643146,14.007049379942206,-135.76393490078982,False,False,,39.563563559779354,8.35630470305968,36.63904195288447,1.860737989515259e-05
178.8,-1046.9552070642715,433.1333408816783,-15.930458015868668,-1074.5744116496846,403.3521329166352,33.28257577027231,12.939999999999534,21.331967654202504,-2.1031101518958693,13.892497136282818,-136.0112974346374,False,False,,40.617001486915,8.39196765420297,37.514864112027475,1.853037913311059e-05
178.9,-1048.2551008468386,433.03346515880446,-15.98066428695817,-1076.4638306256982,402.36895238328964,33.18049618367303,12.96888888888847,21.31535073604012,-1.753932723637264,13.543845406170679,-136.3246545859165,False,False,,41.66587067968738,8.34646184715165,38.40458786158095,1.845385636271874e-05
179.0,-1049.5413764061002,432.98922726181536,-16.00087236409948,-1078.348875625793,401.3750313626825,33.077175138203984,12.84888888888889,21.355512510791673,-2.526533539096897,13.599641721547853,-136.739095097768,False,False,,42.77066043026867,8.506623621902783,39.308317143498904,1.8377818145490988e-05
179.1,-1050.84126238449,432.93386357965113,-16.04108218611947,-1080.236734868864,400.3639170996,32.96951203486552,12.90194444444424,21.530400982979927,-2.1248794111709333,13.228865947128657,-137.1769560187688,False,False,,43.87362779954479,8.628456538535687,40.22671668661476,1.8302128197769215e-05
179.2,-1052.1343434507346,432.8673704393943,-16.091290394350725,-1082.129463136458,399.3363227592629,32.85600214566201,12.888055555551896,21.603322570851013,-1.652768706545407,13.469916572016611,-137.39577156181196,False,False,,44.98931388105536,8.715267015299117,41.15979482122779,1.8226993693912437e-05
179.3,-1053.420617405903,432.8231328772411,-16.121499256117293,-1084.0205571433942,398.2951375700011,32.738584295481566,12.76305555555918,21.636188142456408,-1.8344718009893428,13.367365555328677,-137.92766499482414,False,False,,46.136089689904196,8.873132586897228,42.107069415296884,1.8152261348171303e-05
179.4,-1054.7068913722194,432.7788956525867,-16.151708375430747,-1085.909751564,397.239293874453,32.61732530017748,12.811111111110415,21.716404106201892,-2.000085807796019,13.646370598459992,-138.14151090899261,False,False,,47.29357016229731,8.905292995091477,43.06862751744534,1.8078043396116028e-05
179.5,-1055.986357122854,432.7235275987231,-16.211915873995338,-1087.8045311093035,396.16763204557935,32.491418178115005,12.71888888888889,21.893323965170534,-2.4039137802988555,13.76435396337545,-138.37568201524073,False,False,,48.46369461281631,9.174435076281645,44.045159704756216,1.800410572174449e-05
179.6,-1057.2658271041792,432.6792902617813,-16.23212438475381,-1089.70506478661,395.08226967271077,32.36237545332027,12.698055555555808,21.955128357426975,-2.401400573572845,13.563092665008705,-138.7597158104576,False,False,,49.6572260460875,9.257072801871168,45.036803935728436,1.7930424024039604e-05
179.7,-1058.5384859179073,432.6684354793102,-16.24233428889299,-1091.601515962771,393.979696281752,32.23104769209176,12.71499999999561,21.997516977329624,-1.9564852480833916,13.648645606099759,-138.82737513497733,False,False,,50.89187063219651,9.282516977334014,46.04297242466619,1.7857191033406892e-05
179.8,-1059.8043414714089,432.6464518904426,-16.252542563700036,-1093.5016339396172,392.8603993263747,32.09944910412157,12.56500000000435,22.18662071541204,-2.0728763577223934,13.058084775369723,-139.64216449074954,False,False,,52.1386372886629,9.62162071540769,47.06464367920966,1.7784238141019875e-05
179.9,-1061.0565785183528,432.657848699082,-16.2627510929941,-1095.4095437258238,391.7257165350026,31.967978819180797,12.506944444445287,22.28802685253645,-1.8333847726883066,13.128387085758064,-140.07064518267833,False,False,,53.43749303666274,9.781082408091164,48.10223337592398,1.7711997406597818e-05
180.0,-1062.3088212816845,432.65811951460125,-16.25295911398834,-1097.3181096818375,390.5712199405239,31.838041394564076,12.431111111111113,22.39951344692037,-2.095001974617157,13.191101629040269,-140.4862924107542,False,False,,54.74447360276254,9.968402335809257,49.15552291155715,1.7640241195193426e-05
180.1,-1063.554250253001,432.68064315734074,-16.263167756184266,-1099.2305893384982,389.39974857049447,31.71016830033183,12.438888888886895,22.52840971117682,-2.225289327280637,13.141569302008245,-140.90829150547447,False,False,,56.08954454068129,10.089520822289925,50.224812683140335,1.756885693983879e-05
180.2,-1064.7928759586296,432.69203797517355,-16.273374753621393,-1101.150426491001,388.21349717362574,31.581990390269727,12.303888888888954,22.679618358889737,-1.7954929153256354,13.217829770853532,-141.1524647300388,False,False,,57.447472290335824,10.375729470000783,51.3100927890002,1.7497884141146677e-05
180.3,-1066.0315023971655,432.69230475755404,-16.29358123513246,-1103.0772815681364,387.0093320195796,31.45544413484933,12.306111111111047,22.834580056448043,-2.0166544766316656,13.256401769007889,-141.70620075103685,False,False,,58.81601612284585,10.528468945336996,52.411779864736076,1.7427310391700458e-05
180.4,-1067.2565165855447,432.6814398727619,-16.333784928530477,-1105.0069332811283,385.7913401375032,31.32890474561562,12.253055555556324,22.873549675098005,-2.7086607645400744,13.112725561240953,-142.09994702324977,False,False,,60.19780240069162,10.62049411954168,53.52919321914408,1.7357173011774242e-05
180.5,-1068.474726033347,432.6817028426166,-16.353988474185684,-1106.9398114561113,384.5642852492072,31.200375755924192,12.158055555555556,22.988026789262726,-2.908361468082945,13.182985797195139,-141.97588425764866,False,False,,61.60234307588549,10.82997123370717,54.66196158244649,1.7287342685562777e-05
180.6,-1069.6929367804823,432.63745204684074,-16.42418923367763,-1108.8717557509726,383.3217066249652,31.071063290295616,12.148055555555066,23.026076700308582,-3.6334254492133593,12.798796435963858,-142.3780017089323,False,False,,62.98430441338292,10.878021144753516,55.810276880182535,1.7217622169665537e-05
180.7,-1070.9043593776591,432.481920680022,-16.534381539374007,-1110.8016938828232,382.0592939107029,30.94020453270531,12.114999999999212,23.171422860121158,-3.6446369055804753,12.939836517785388,-142.44197952684908,False,False,,64.29804500087859,11.056422860121947,56.97425328579104,1.7148249809546613e-05
180.8,-1072.115765970731,432.4154123148911,-16.624580110764583,-1112.730325865164,380.77418616543264,30.80928663090653,12.08805555555634,23.254527323546473,-3.9130802857758153,12.682405848392893,-142.83218626963153,False,False,,65.69900085722772,11.166471767990133,58.15435633169452,1.707915312663978e-05
180.9,-1073.3135692747574,432.30438993263635,-16.72477361046165,-1114.6564497884758,379.4663420847733,30.67930217217965,12.040000000000697,23.381788472410943,-4.02832598231157,12.576445004894216,-143.3657539511864,False,False,,67.09018608965596,11.341788472410245,59.35070564744467,1.7010459687126456e-05
181.0,-1074.497747069549,432.3046456168297,-16.764972589925918,-1116.585586970769,378.139722907203,30.54792815963831,11.81611111111111,23.51719076212431,-3.9812469609466925,12.383892569500183,-144.19737234903127,False,False,,68.59464352039868,11.7010796510132,60.563362391901435,1.6942255693917318e-05
181.1,-1075.675106649333,432.4161815220477,-16.73517818621123,-1118.5076012831373,376.80109996270085,30.41738166371413,11.766111111110117,23.40042868978714,-4.922324824779565,12.123632860732119,-144.44245951763332,False,False,,70.19729263588218,11.634317578677024,61.79147034869691,1.687465865825021e-05
181.2,-1076.845674019249,432.4275638200536,-16.755376063591648,-1120.4224861035693,375.4486089872013,30.285306591572297,11.698888888885705,23.561368140226264,-4.591769080811045,12.154930916555791,-144.3754173141943,False,False,,71.73241837047178,11.86247925134056,63.034917048413675,1.6807376963250864e-05
181.3,-1078.0026178729652,432.49458175201374,-16.775575632429263,-1122.3416075576836,374.0671827784737,30.150047459362707,11.590000000003156,23.808855101390385,-5.0477722413311845,11.800442631168162,-145.0660844129815,False,False,,73.34648564910792,12.218855101387229,64.29536317749188,1.6740383621148413e-05
181.4,-1079.1595626246474,432.57272898039855,-16.775776167297007,-1124.2637507853085,372.65461836936356,30.014406401467816,11.556111111111603,23.97595005272856,-5.155477754143348,12.223619763032282,-145.29923763383812,False,False,,74.99711840349966,12.419838941616957,65.5732664120272,1.6673909844561936e-05
181.5,-1080.30970412474,432.63974731939413,-16.775975005398436,-1126.1886426159808,371.2218239207395,29.874732712756664,11.488888888888889,24.09752923870453,-5.592755759227754,12.299684690145517,-145.84013111330572,False,False,,76.66184391003176,12.608640349815643,66.8676062990434,1.6607771494429863e-05
181.6,-1081.4462318331152,432.71789060384873,-16.776172503219,-1128.1081453893476,369.77030073297806,29.73200228886725,11.361111111110844,24.11850197094117,-5.783120661519505,12.135319242650578,-145.95011216830798,False,False,,78.3564499405163,12.757390859830327,68.17784923066218,1.6542106462039693e-05
181.7,-1082.5827561179476,432.7960327941364,-16.796370203818363,-1130.0232588374424,368.30050925016326,29.588819675326945,11.34305555555298,24.248683308200135,-6.241704622559968,11.976051650827504,-146.300312566173,False,False,,80.06418584791572,12.905627752647156,69.50450275044864,1.6476774251943296e-05
181.8,-1083.7056724359595,432.87417360584914,-16.796565799844494,-1131.9390769022045,366.81550364813285,29.444837773911278,11.255000000002553,24.316300625557876,-6.272732438297257,11.667884209391032,-146.77783241176536,False,False,,81.79369891982435,13.061300625555322,70.84786793589417,1.6411869593716428e-05
181.9,-1084.8217813640051,432.9523124943543,-16.80676043815111,-1133.8549441642865,365.3094210727711,29.30117629085709,11.138055555557251,24.508063166986457,-6.2763250903912615,11.77498602008054,-146.923764191356,False,False,,83.54526805313988,13.370007611429205,72.20845381642918,1.6347453719696757e-05
182.0,-1085.9242740281477,433.0527039677266,-16.816954471562582,-1135.7748247356583,363.779604115153,29.15529779594375,11.073055555555555,24.675765976753443,-6.340212249177971,11.67700412010502,-147.13023563355972,False,False,,85.34541445811084,13.602710421197887,73.58648247083528,1.6283396406261104e-05
182.1,-1087.0335747587053,433.14196952434196,-16.827149098476642,-1137.6967356959985,362.2264549727067,29.007823431691264,11.071944444442172,24.83323952654233,-6.478517854113656,11.769638075457042,-147.27049971949592,False,False,,87.15369229287576,13.761295082100157,74.98194622326962,1.621974374389749e-05
182.2,-1088.1224601777328,433.231231495352,-16.827340443362843,-1139.6151607257345,360.6478496340805,28.856401218480325,10.918055555555645,24.948107160174132,-6.516793027136136,11.842312760074138,-147.476804850995,False,False,,88.99351398919663,14.030051604618487,76.39428170951881,1.6156470782604445e-05
182.3,-1089.2181445839253,433.34274986929455,-16.837534645569594,-1141.5255902223926,359.0459012967878,28.696729314652096,10.921111111111024,25.01826298175139,-6.832815121586601,11.516374758137552,-147.80190400706425,False,False,,90.8630319603479,14.097151870640367,77.82251790486637,1.6093605543716888e-05
182.4,-1090.300220089625,433.4431378044741,-16.847725959076364,-1143.4339950955616,357.42310710011776,28.532027475558046,10.83500000000125,25.191865466484302,-6.594609132294975,11.64099441358232,-147.97536482665217,False,False,,92.74827823023327,14.356865466483052,79.26753318193296,1.603120143837524e-05
182.5,-1091.3754866634358,433.56578047935625,-16.84791780964656,-1145.345280476054,355.7760167360892,28.367999588764835,10.72388888888889,25.376629473490965,-6.855429721497743,11.769288869418096,-148.15848496636784,False,False,,94.67832902734305,14.652740584602075,80.73081154271718,1.5969206168219194e-05
182.6,-1092.4303345062467,433.6884181815647,-16.85810635189118,-1147.2563708906102,354.1061264631135,28.20505756935089,10.621944444443603,25.485562353477626,-6.983080818063915,11.721459282805418,-148.5882675498769,False,False,,96.63971968492157,14.863617909034023,82.21218219987361,1.59076147955766e-05
182.7,-1093.4851731648175,433.844438430308,-16.878297342035083,-1149.1721253322883,352.4164450676421,28.036024100968767,10.564999999994845,25.71500555489006,-7.604435380020023,11.599966360546077,-149.12904187129132,False,False,,98.64864289371921,15.150005554895214,83.71091924375074,1.5846494338575927e-05
182.8,-1094.519598970235,433.98932737513167,-16.888484255186302,-1151.094084727315,350.7017594580779,27.861103429827203,10.388888888893995,25.917452761034802,-7.724217287403714,11.359853064345968,-149.45990787167128,False,False,,100.68511016141315,15.528563872140808,85.22757690459028,1.5785859636515477e-05
182.9,-1095.560828653002,434.1342173703818,-16.90867250635656,-1153.0155475346467,348.95528548465984,27.684142112222517,10.421944444443964,26.135190306110278,-7.3288818735631756,11.491225843657924,-149.36128654242643,False,False,,102.74480599505391,15.713245861666314,86.76268784983606,1.5725673303921626e-05
183.0,-1096.5816397745366,434.30135973500416,-16.908858943690433,-1097.1657599238,430.89421709954934,33.3167394540223,10.308055555555557,9.067948269965898,-1.2172372980256865,0.4611908561000843,-152.68055137674,True,True,3.1859878276708185,3.456850775938901,1.2401072855896587,12.365448396067563,1.566589945843039e-05
183.1,-1097.5956484182216,434.44624477755036,-16.919042862441334,-1098.049414476354,430.69325254697253,33.319255545346486,10.171944444442627,9.05713193118079,-1.1286630277916307,0.08889885988829362,-153.27888339676304,False,False,,3.780324631336661,1.1148125132618372,12.506732930599297,1.5606819383999517e-05
183.2,-1098.589239269409,434.60225381905923,-16.919224194672015,-1098.9196509483832,430.47734929351344,33.31966946986788,10.048888888886548,8.876420265661368,-1.2770607578547446,-0.34848710744437844,-153.7425121387027,False,False,,4.138116627461168,1.1724686232251802,12.659559119522115,1.5548189643012314e-05
183.3,-1099.582837516483,434.72488005885253,-16.919403409294855,-1099.7749184320207,430.2527723082946,33.316115972616146,9.968888888891211,8.809061519867834,-1.7348518277190268,-0.27365126319024563,-154.31326236072056,False,False,,4.476230871024658,1.1598273690233771,12.8244195720604,1.549000375513145e-05
183.4,-1100.5832473009452,434.8363817183863,-16.899583194189834,-1100.6208689201037,430.02188313565654,33.30990829544127,9.968888888888891,8.729741853373703,-2.3472291673072223,0.1617758681391878,-154.3357859146604,False,False,,4.81464557255619,1.2391470355151881,13.001729199497364,1.5432269214023406e-05
183.5,-1101.5564344290465,434.94787748855134,-16.879758447467964,-1101.4594105386757,429.7786622259857,33.3005683362896,9.75,8.734026603265445,-1.9536258375096645,0.20030776352683716,-154.4509642419489,False,False,,5.1701257301968955,1.0159733967345552,13.191918263889038,1.5374904228563382e-05
183.6,-1102.5159992820243,435.0927520414005,-16.87993377705839,-1102.2953772587966,429.5247363925102,33.28720578998393,9.653055555554491,8.741808694993143,-1.7085788595884412,0.36968975357032346,-154.43195775884809,False,False,,5.572384798577754,0.9112468605613486,13.395210512981278,1.5317887378489526e-05
183.7,-1103.468764372536,435.2264989517945,-16.8601073212167,-1103.1205394265708,429.2600176594899,33.273340397689566,9.581111111110525,8.593216978334898,-1.91298430617515,0.6999828821400286,-154.02897573891008,False,False,,5.976634473046952,0.9878941327756277,13.612192788633466,1.5261220027235677e-05
183.8,-1104.4147170409638,435.3824991731828,-16.850281352313516,-1103.932357059592,428.97968385820957,33.257175908232036,9.56111111111169,8.588011596965591,-1.6130848994710487,0.7414351127528666,-154.20853540151688,False,False,,6.420959049027223,0.9730995141460994,13.84336292849941,1.5204924449177979e-05
183.9,-1105.3538639989033,435.5384980485074,-16.840454351558407,-1104.7378636763108,428.6845431673282,33.23315582474274,9.460000000001465,8.577082258572224,-1.7819413436664893,0.9169524636336948,-154.14171115713708,False,False,,6.88158077120908,0.8829177414292406,14.088677247841353,1.5149032441416153e-05
184.0,-1106.2793995935403,435.6944940425076,-16.830625135548843,-1105.5403325558866,428.3822194988117,33.20200472024601,9.35888888888889,8.584861832219978,-1.6959626477588983,0.7701090849459897,-154.39013425958473,False,False,,7.349529174615816,0.7740270566689116,14.348083927615246,1.5093544034347056e-05
184.1,-1107.20494091083,435.81710652611366,-16.830793777114447,-1106.337349119052,428.07406463567054,33.166189651585164,9.311944444444508,8.521029803674528,-1.6735283351089096,0.699851412785767,-154.45477041300416,False,False,,7.791496212815437,0.7909146407699801,14.621865135627782,1.5038475306055635e-05
184.2,-1108.1304789044316,435.96197520275496,-16.820964074893144,-1107.1248531936267,427.7542469113958,33.12614630193643,9.31611111110947,8.497926005292214,-1.2869791271648547,0.30704460341947776,-154.60579464490277,False,False,,8.269104351440332,0.8181851058172551,14.910513199094044,1.4983822862771069e-05
184.3,-1109.0560224444064,436.0512029803235,-16.85113070572715,-1107.9079188145145,427.42536897065077,33.0833172122674,9.260000000001627,8.51023212715717,-1.2799621734637032,0.12635649520284495,-154.81113530821358,False,False,,8.701905211354477,0.7497678728444566,15.213916381358906,1.4929580218464014e-05
184.4,-1109.954335219145,436.2071935324373,-16.841297310918293,-1108.6848959117904,427.08957175221184,33.0363321709287,9.096111111113487,8.445146292520144,-1.1956499450533777,0.16424518478589703,-155.17905827891474,False,False,,9.205569134078502,0.6509648185933425,15.53217232684507,1.4875755941313667e-05
184.5,-1110.8390358610711,436.37430952896585,-16.821462441489075,-1109.4538224381347,426.7448789140212,32.984464724267845,8.948055555555555,8.44010605032695,-1.5019455578438492,0.042911594117935055,-155.555237052162,False,False,,9.728553345442275,0.5079495052286056,15.865508182118901,1.4822333036496897e-05
184.6,-1111.7237372228867,436.53029733436637,-16.81162693743192,-1110.216162163917,426.3922200621552,32.929846254706305,8.943888888888404,8.39485867005452,-1.5033704656945508,-0.005473348650668741,-155.71179085466252,False,False,,10.249555762849026,0.5490302188338845,16.21396958462755,1.4769319375337072e-05
184.7,-1112.601630363647,436.69741142645677,-16.801791136496902,-1110.9713561711224,426.03145720608757,32.87350275543776,8.911111111110754,8.382163637296655,-1.908547530882391,-0.1827314473293489,-156.047691673714,False,False,,10.789827309731306,0.5289474738140996,16.577702202211363,1.471671498793326e-05
184.8,-1113.4863331682982,436.8311428424839,-16.811954360061964,-1111.7173361635716,425.66147383423765,32.81516525845675,8.898888888889243,8.31309077970975,-2.2417467059475666,-0.10420792661876745,-156.2137873487758,False,False,,11.308883948317304,0.5857981091794926,16.956937546448387,1.4664525846065619e-05
184.9,-1114.343801684513,437.03163563043,-16.802117534982756,-1112.4548472332724,425.28000538627697,32.75801323510828,8.718888888891499,8.333360431847654,-2.5700637200779775,-0.21833496987792644,-156.45141779104296,False,False,,11.902477150331098,0.3855284570438453,17.35190339807558,1.46127470690115e-05
185.0,-1115.1944701112675,437.1764859462353,-16.83227583160493,-1113.1837401735593,424.8895323931098,32.701743552122295,8.643055555555556,8.243113843911015,-3.156489073876329,-0.5268244627293995,-156.75780061619963,False,False,,12.45039206206212,0.39994171164454073,17.76256685846353,1.4561391387956184e-05
185.1,-1116.0451344015428,437.3547207806902,-16.842436533207742,-1113.9001680969493,424.49023910283387,32.64160245197183,8.644999999997664,8.205627049838084,-2.527047733650734,-0.7097047459468429,-157.15734597661069,False,False,,13.042076877849706,0.43937295015958,18.189077132126805,1.4510478138547769e-05
185.2,-1116.8685733076795,437.5218198584972,-16.882591830236148,-1114.6101525290962,424.0826680470559,32.57958504292599,8.486944444443104,8.214381233111114,-2.0539128660315376,-0.47870897390309863,-157.17399629390073,False,False,,13.627592077256468,0.27256321133199,18.631052956943524,1.4459889336633357e-05
185.3,-1117.7056296646674,437.70005326203096,-16.87275038461064,-1115.3172450856662,423.66667084308256,32.51972361289197,8.441111111112441,8.23759193627665,-2.331673105544698,-0.6965981126288685,-157.3201048553723,False,False,,14.235174850126048,0.20351917483579207,19.088343051003733,1.4409663980866185e-05
185.4,-1118.5222647336989,437.8894091515505,-16.87290624330461,-1116.0186686543655,423.2381727193426,32.458377958216495,8.346944444445809,8.247817576553832,-2.80768756948822,-0.9607253266369044,-157.89868191584787,False,False,,14.863603947929697,0.099126867891977,19.561073591281005,1.4359857862718287e-05
185.5,-1119.3457147341633,438.045384407431,-16.86306111185499,-1116.7139151771046,422.8013044080284,32.39298886482565,8.33388888888889,8.226558289949043,-2.8817225846524495,-1.245966391724912,-158.29094079543418,False,False,,15.46959417492009,0.10733059893984631,20.048969576838637,1.4310426245172976e-05
185.6,-1120.1487391648043,438.22360911471975,-16.873214040833314,-1117.4000560981085,422.35664223620086,32.32582108800254,8.22499999999901,8.181806118765454,-2.974894110384276,-1.5913708872863164,-158.3784929723512,False,False,,16.103288376140934,0.04319388123355594,20.55241457851271,1.4261365324651718e-05
185.7,-1120.9517695768911,438.39070765976317,-16.86336631011827,-1118.0828459932661,421.8959651001567,32.25221711688096,8.158055555555206,8.35810659300221,-2.9996709576045304,-2.1290779301591076,-158.75187624185293,False,False,,16.74237900169428,0.20005103744700392,21.07076382591186,1.4212716594061036e-05
185.8,-1121.7547931090112,438.58006098412983,-16.86352021467007,-1118.763088729246,421.42485281397103,32.173291431313245,8.146111111111457,8.266139092742117,-3.234157470126719,-2.1934409098975247,-158.57171661908524,False,False,,17.414116757888976,0.12002798163065975,21.603718313162304,1.4164412758913681e-05
185.9,-1122.5442111397074,438.7360276444466,-16.873669538890933,-1119.4336003129524,420.9472415023568,32.09375422070534,8.080000000000958,8.275823511841853,-2.8524339402508754,-2.6456664642283525,-158.85165056805337,False,False,,18.05870460815314,0.19582351184089575,22.152188960076725,1.4116541837577564e-05
186.0,-1123.326820146529,438.91424890064906,-16.873819300008165,-1120.0963674036054,420.45597869941463,32.008988112855334,7.968055555555556,8.311605510027885,-3.339168410292413,-2.6516771796897673,-159.172624546189,False,False,,18.7388250364328,0.34354995447232906,22.715885908285056,1.4069006149480219e-05
186.1,-1124.095812715923,439.11472250809396,-16.873968299834527,-1120.743077138547,419.96291588211386,31.913936612152234,7.881111111110696,8.06459567545832,-3.644459079125118,-2.749679110244701,-160.09729379826004,False,False,,19.4430587328933,0.18348456434762284,23.294927901179285,1.4021856574825423e-05
186.2,-1124.8648120695511,439.2929415898142,-16.86411586674349,-1121.3609129314705,419.47213059215636,31.80971887647515,7.853055555551279,7.855478278768909,-3.9791144120446327,-2.4391195449756466,-159.73423551229084,False,False,,20.12813597367415,0.0024227232176299296,23.89080281079226,1.3975013418917428e-05
186.3,-1125.62019909668,439.46002863217524,-16.874260364819367,-1121.9680924126342,418.96837640969244,31.702195242727626,7.7069444444486805,8.0695596635341,-3.5554800306176277,-2.0469361299875075,-159.7911107577275,False,False,,20.81455486045368,0.36261521908541994,24.502401910576467,1.3928586771926953e-05
186.4,-1126.3823919109923,439.64937475154085,-16.854407692215663,-1122.5763675200772,418.4510456723431,31.59261454628916,7.783888888887773,8.05087350954071,-3.4133906770776763,-2.7424388326888867,-161.48282666456774,False,False,,21.537292713203314,0.26698462065293604,25.12830067215609,1.388244379674242e-05
186.5,-1127.1105536917091,439.8275834602106,-16.864548346030404,-1123.1822001437429,417.9238489090113,31.48322106606422,7.568055555555556,8.159709934503917,-2.5765051729350845,-1.9007195029814596,-161.90722847077745,False,False,,22.25321434955451,0.5916543789483608,25.768928521957,1.3836484882922177e-05
186.6,-1127.8523276910012,440.0169244432428,-16.8546922590559,-1123.7803140994945,417.38903772803206,31.373127325776892,7.553055555553248,8.038436612898497,-2.7762204351754707,-1.3696597942911366,-161.78979627229765,False,False,,22.991358200111282,0.48538105734524883,26.424808387267557,1.3790741945758812e-05
186.7,-1128.5736829285297,440.2062601661881,-16.854832656536868,-1124.3691996565572,416.84350162749803,31.254214570386054,7.396944444444185,8.192479718433182,-3.712621073227343,-0.6465286356946647,-161.73222192790905,False,False,,23.73807418729313,0.7955352739889969,27.095544909647334,1.3745362439461874e-05
186.8,-1129.2882316770042,440.4067227906645,-16.84497270735065,-1124.9533489886749,416.27856734178005,31.127154134363927,7.388055555555813,8.259160582109253,-3.0099812032063933,-0.6963394543558344,-161.96269893329222,False,False,,24.51446702025378,0.8711050265534395,27.780909406039594,1.3700354762511974e-05
186.9,-1130.0027819439447,440.584928805277,-16.855111307748412,-1125.5288377849513,415.6958698140065,30.996183977577132,7.300000000001277,8.329316400284325,-2.4857345004898175,-0.5572266438264903,-161.88045030805336,False,False,,25.28797014014238,1.0293164002830482,28.48168138667697,1.3655612264622762e-05
187.0,-1130.6969195436163,440.75200325285584,-16.855245612078335,-1126.0925312601546,415.10459151781095,30.86377377406717,7.15388888888889,8.222837113517821,-2.5346127959872318,-0.608015068997732,-162.05450535562875,False,False,,26.057438864397213,1.0689482246289312,29.198073089756306,1.3611184950532603e-05
187.1,-1131.3910570961884,440.91907779955994,-16.85537999509106,-1126.642444473458,414.50963370535897,30.728927405474494,7.103888888888048,8.204082645558882,-2.5654163742111646,-0.411542741247297,-162.159817379375,False,False,,26.832965904004755,1.1001937566708344,29.930060198784126,1.35670886653215e-05
187.2,-1132.078388955748,441.0861508781992,-16.855513253488827,-1127.1833505758914,413.90211798310673,30.590294851902932,7.046944444441314,8.299903975838259,-2.560118223181451,-0.23270718974700913,-162.34475246846824,False,False,,27.621242643692536,1.2529595313969448,30.67725120431153,1.3523301398403125e-05
187.3,-1132.7521069159893,441.2643485891294,-16.85564494691516,-1127.7196659498736,413.2761818945438,30.450045823179227,6.940000000003101,8.423059667780754,-2.4523133113985525,-0.19249737039373777,-162.47177766568063,False,False,,28.43699943737645,1.4830596677776526,31.439431321729778,1.347981309725504e-05
187.4,-1133.4190174088594,441.44254413212246,-16.86577550826618,-1128.249989655898,412.63176919215783,30.30656358290126,6.855000000001232,8.514461914432951,-2.417790126458156,-0.08291978996929344,-162.37927236947817,False,False,,29.270797743692945,1.659461914431719,32.21664523510437,1.3436628945966922e-05
187.5,-1134.0655117060137,441.6096066990011,-16.885901753809407,-1128.7715757389385,411.97107070867685,30.16067393826092,6.731944444444444,8.57249175316278,-2.433284208718283,-0.009987234794477435,-162.4113498258823,False,False,,30.10761653922873,1.8405473087183353,33.00926311357008,1.339376870175971e-05
187.6,-1134.712007730504,441.77667004314344,-16.896028066398635,-1129.287242846816,411.29655951093457,30.0105360870111,6.6249999999981375,8.672426933906406,-2.0344111010632533,-0.06474321876016677,-162.50527818723822,False,False,,30.959089329290084,2.0474269339082687,33.81658305593211,1.3351230419382264e-05
187.7,-1135.3380842080182,441.9548564299231,-16.90615159341068,-1129.797358609489,410.606384361218,29.856598159618944,6.498888888886109,8.766846977361956,-1.6667079449524955,-0.16611013236336014,-162.55093538057605,False,False,,31.834357873225304,2.2679580884758472,34.638663026403925,1.3308956724179043e-05
187.8,-1135.9573575624138,442.12191365642497,-16.91627320566288,-1130.3031128904258,409.8987032398119,29.701904783666865,6.403888888891643,8.903075249122558,-1.9334937512041448,-0.3470435861768956,-162.5213781100923,False,False,,32.71552800069145,2.4991863602309152,35.475643651893535,1.3266980257557233e-05
187.9,-1136.569830368651,442.26671405495784,-16.926392128340492,-1130.8055394443957,409.17312708833305,29.543800194318216,6.265000000002013,9.029478907760897,-1.9161351080964746,-0.554123185104721,-162.57195394721847,False,False,,33.591852407645106,2.7644789077588836,36.32711491065906,1.3225313699989435e-05
188.0,-1137.1618854129144,442.4226381716032,-16.92650825527997,-1131.3020611048887,408.4292516558589,29.3824873373419,6.091111111111112,9.147119569714693,-1.976188481461083,-0.7313673800416421,-162.59671744342094,False,False,,34.49475130697011,3.056008458603581,37.19352096043171,1.3183927675037918e-05
188.1,-1137.733522501004,442.5674285851041,-16.946620030994723,-1131.7933240888485,407.66860460249404,29.218051879294446,5.921944444443916,9.259331018219312,-2.0884276535957818,-0.7005226063643067,-162.53217734469698,False,False,,35.40076090347456,3.3373865737753956,38.07470629546335,1.3142829717458097e-05
188.2,-1138.3051605398502,442.7233481201475,-16.946732633371344,-1132.2766986641218,406.89091163675135,29.051759778385644,5.886111111103997,9.35482578452308,-2.207365473079221,-0.31438445330267856,-162.2613214678665,False,False,,36.33601322274816,3.4687146734190826,38.97126095081041,1.3102024405398639e-05
188.3,-1138.8563867627488,442.85700766046506,-16.946840108785377,-1132.7527394849956,406.09714239198274,28.88294142983304,5.6430555555626025,9.462250655132339,-2.056971238136168,-0.18580885855159346,-162.11494695414333,False,False,,37.26314807753361,3.819195099569736,39.8830131222626,1.3061561306959592e-05
188.4,-1139.4008047362827,443.0017933560269,-16.946947194320472,-1133.223377008563,405.2880920818683,28.711490887278856,5.553888888890182,9.569548231338718,-2.117374347372271,-0.1595004125332024,-161.93135794651778,False,False,,38.216277646150644,4.0156593424485365,40.80959703979531,1.3021385251570563e-05
188.5,-1139.9316104025747,443.13544690089134,-16.967051128803718,-1133.6888957759577,404.4608192944669,28.537145472990673,5.446111111111112,9.733463022318219,-2.1817395694720405,-0.23020423357349817,-162.01305796595585,False,False,,39.17522567139833,4.287351911207107,41.75107859409301,1.2981517412751152e-05
188.6,-1140.4488083198326,443.26909873872813,-16.967152681097843,-1134.1502769727715,403.6158779927053,28.358152174618873,5.2738888888865985,9.851057581576242,-2.385605991237003,-0.3368024713560128,-161.9648591314726,False,False,,40.150335150067264,4.577168692689644,42.7070976321959,1.2941883563703922e-05
188.7,-1140.9455892813187,443.40274589836815,-16.96725063209531,-1134.604964696616,402.75319887092604,28.17680468919184,5.11888888888497,9.98728477300968,-2.4046272419000494,-0.19518452688148852,-161.86604415527367,False,False,,41.14108887305201,4.86839588412471,43.678339057612305,1.2902511795945526e-05
188.8,-1141.4355679495566,443.51413549868914,-16.97734586301788,-1135.0515492171762,401.8744690083419,27.99450215719256,4.985000000003881,10.06154380099704,-2.3183380011224854,-0.2670149641937004,-161.86615471991567,False,False,,42.126209425994276,5.076543800993159,44.66513412224003,1.2863410027597909e-05
188.9,-1141.911934514162,443.6366503532898,-16.977439474078153,-1135.4924434233367,400.98118339168536,27.811255734910997,4.850000000001957,10.196260574628692,-2.2054045186856888,-0.2068395243611206,-161.8251063537639,False,False,,43.135817223946425,5.346260574626735,45.667030751216075,1.2824546758420687e-05
189.0,-1142.3746879836983,443.7591613982149,-16.98753069001819,-1135.9284876582942,400.07142573446004,27.627071941325248,4.7538888888888895,10.314888674503145,-2.216715753003234,-0.18419834017618786,-161.8338160923161,False,False,,44.16074893003244,5.560999785614255,46.6840144463876,1.2785925527979272e-05
189.1,-1142.8170270872529,443.87054007806535,-16.9976175174399,-1136.3568486021572,399.1449865686593,27.44239598860987,4.566944444442658,10.43058925657033,-2.1935382649051824,-0.14132178460143735,-161.8035630835825,False,False,,45.18970062726722,5.8636448121276725,47.71665146017066,1.2747534317256423e-05
189.2,-1143.245754885994,443.9819156341686,-17.007701944103363,-1136.7795839630517,398.2022980581506,27.255081974653315,4.4461111111077125,10.569209673064801,-2.277363937021495,-0.1751646502042587,-161.88536063755137,False,False,,46.23402158379872,6.123098561957089,48.76437007259995,1.2709379244694703e-05
189.3,-1143.6744844532718,444.0932919244831,-17.007786398789104,-1137.1962990378288,397.24262586841775,27.063275075762473,4.330000000003366,10.704892795625188,-2.377058974000612,-0.28031868162872,-162.05360423551087,False,False,,47.296424771580895,6.374892795621822,49.827100560930546,1.2671425140983027e-05
189.4,-1144.0691848012425,444.1935312803843,-17.027864018688312,-1137.607283021882,396.2674745475893,26.86912679976351,4.1080555555587726,10.812885812404327,-2.407463191573474,-0.3349934475308409,-162.08159242468867,False,False,,48.35972589418998,6.704830256845554,50.90497095242574,1.263365357402579e-05
189.5,-1144.4638887117685,444.29377206245977,-17.02794166443769,-1138.0131852643908,395.27651896436083,26.674024195171388,4.035,10.957389425573945,-2.434228848362202,-0.44963013766237125,-162.13119714974286,False,False,,49.43988952504951,6.922389425573945,51.998068469598024,1.2596093927490188e-05
189.6,-1144.844981323975,444.3940097092406,-17.028016898186298,-1138.41184297283,394.26812718969336,26.47858182103972,3.8819444444422566,11.079145404570767,-2.5132188899924937,-0.505659611461733,-162.16034173024153,False,False,,50.537009877993604,7.1972009601285105,53.10696387893376,1.2558737788139919e-05
189.7,-1145.2056542120895,444.4831128759723,-17.05808772334327,-1138.8042749330284,393.24492011667405,26.281978962922963,3.733888888884856,11.188603263027817,-2.6427667770729655,-0.5203591671248157,-162.22920684865977,False,False,,51.636518607603655,7.454714374142961,54.23128847763301,1.2521592259929223e-05
189.8,-1145.5595286119549,444.57221727355034,-17.048157349207347,-1139.1910274397737,392.2079545784483,26.08202904777286,3.596111111115105,11.304814928662182,-2.8176906621844924,-0.4732034938064827,-162.23567670672287,False,False,,52.750107249006845,7.708703817547077,55.370687161510304,1.2484643916438698e-05
189.9,-1145.906596364887,444.65019104928444,-17.05822500014082,-1139.5734259260155,391.15429689164563,25.879156072845962,3.495000000001466,11.477641581010838,-2.976458977019896,-0.33218023402968094,-162.17819059327343,False,False,,53.86946945657708,7.982641581009371,56.52517731291434,1.2447901383534412e-05
190.0,-1146.2332489772355,444.72816079223077,-17.05828900941114,-1139.9505942562687,390.0806968364183,25.674887792082956,3.3169444444444447,11.645084454803113,-3.171212743983261,-0.36112459592074936,-162.31914272854536,False,False,,55.00742738162462,8.328140010358668,57.69530535560444,1.241137601608394e-05
190.1,-1146.5531011237608,444.78387363660926,-17.058350262996157,-1140.318698598259,388.98939046080216,25.46947256013831,3.211944444441608,11.753184878221013,-3.1909536589402956,-0.13661095160416323,-162.17975696952146,False,False,,56.14171468440739,8.541240433779405,58.88171776603572,1.2375031606119602e-05
190.2,-1146.8457281080007,444.850707825544,-17.058407424562336,-1140.6791085491884,387.88375395645517,25.262115285775547,3.0199999999965765,11.871766894850992,-3.2855044142020216,-0.2120710089789416,-162.28029792651773,False,False,,57.29974720630121,8.851766894854416,60.08393233684496,1.2338911318137782e-05
190.3,-1147.1315432606157,444.9286667169414,-17.078464154622893,-1141.0341153929203,386.7622836693518,25.052009732797156,2.903055555558946,12.02717465240001,-3.27464197595696,-0.13231898797524025,-162.34820336572074,False,False,,58.485098473377526,9.124119096841063,61.301567232483954,1.2302967863505617e-05
190.4,-1147.4037559012434,444.9843685125145,-17.0785169023616,-1141.3843198695574,385.6248809714645,24.840093771635452,2.7669444444464175,12.14928508461769,-3.3057897173584143,-0.0757018572249244,-162.35912467556813,False,False,,59.663911799978614,9.382340640171272,62.53467958753798,1.2267202588697989e-05
190.5,-1147.6623528647483,445.05119411826786,-17.088567995292408,-1141.7299400189738,384.47319997071554,24.62707843828158,2.638888888888889,12.273808536229708,-3.2834140291376746,-0.053222488952607123,-162.50791388081856,False,False,,60.86778209458262,9.63491964734082,63.783255981887635,1.2231627996631018e-05
190.6,-1147.9141485719672,445.10689118092455,-17.088617099596405,-1142.0714548790902,383.3064117529303,24.411457635282662,2.524999999998432,12.420589065625586,-3.4812125662004214,-0.12095724444748818,-162.57356532163672,False,False,,62.07605276689819,9.895589065627155,65.04711266353569,1.219621657453058e-05
190.7,-1148.1523355896618,445.15145741351984,-17.088662992726,-1142.409162426481,382.12495185213436,24.191763974100414,2.4188888888842053,12.544805224149483,-3.580322156699658,-0.2301002729261712,-162.55277735926134,False,False,,63.287632609078,10.125916335265277,66.32602528523415,1.2160988259084717e-05
190.8,-1148.3769087264825,445.2071481487971,-17.088707225772936,-1142.743107050574,380.9278517198541,23.970313851440196,2.2588888888935275,12.702976697135737,-3.4210585527863637,-0.3002110540578077,-162.71309191003346,False,False,,64.52571325234143,10.444087808242209,67.62037385120423,1.2125949455328403e-05
190.9,-1148.5946788155238,445.2517096400881,-17.08874946783328,-1143.0722227900437,379.7146680392548,23.74869545670141,2.2011111111119486,12.825618904819223,-3.205699061834884,-0.40869905147702995,-162.77851334727413,False,False,,65.76930395209243,10.624507793707274,68.93063175603518,1.2091068293689422e-05
191.0,-1148.7920301839167,445.29626567590407,-17.09878804624097,-1143.3958391282279,378.4897922368411,23.52341385398583,2.0100000000000002,12.910078884896693,-3.4172532614833826,-0.40495047006067175,-162.71121221092645,False,False,,67.02405367682354,10.900078884896693,70.25627648110859,1.2056357731516447e-05
191.1,-1148.996191583519,445.32969633914644,-17.09882707985275,-1143.7149392337014,377.2512226845094,23.29527054839393,2.006944444441772,13.074164946664528,-3.729564314841584,-0.4777308211569695,-162.73442915238417,False,False,,68.28301546891117,11.067220502222757,71.59736941290511,1.20218431963024e-05
191.2,-1149.1799378591954,445.3631229429097,-17.088862447719844,-1144.0281963388138,375.9962025633382,23.067554525988093,1.8261111111074764,13.19435824083337,-3.8956780417216628,-0.5438760565700539,-162.62418559232626,False,False,,69.55796204345431,11.368247129725894,72.95477083765685,1.1987520004165139e-05
191.3,-1149.3568802914203,445.39654866192035,-17.0688965969138,-1144.3356112405304,374.72640240205016,22.839260979469096,1.7019444444480443,13.331335457682203,-4.049334598488257,-0.6557472789353236,-162.58672089570098,False,False,,70.84830777988188,11.629391013234159,74.32831191324638,1.195340132262324e-05
191.4,-1149.5202140423364,445.4188435412751,-17.04892752871726,-1144.638630148388,373.4422268101619,22.60832777198399,1.6238888888900203,13.45874054219089,-4.094125034128291,-0.713555762217372,-162.54949340340866,False,False,,72.14196571601873,11.83485165330087,75.71750067351836,1.1919473381407423e-05
191.5,-1149.676735956098,445.45226310700355,-17.048958014272273,-1144.9369727356575,372.145434775516,22.374542856132617,1.5438888888888889,13.562350725411152,-4.1421656324427305,-0.7490143941848043,-162.52933701181695,False,False,,73.45989678326555,12.018461836522263,77.12231122391877,1.1885728328240602e-05
191.6,-1149.8264530291567,445.4745527219426,-17.058986504284896,-1145.2296318069089,370.8377920357878,22.139054910505518,1.481944444443131,13.64830865176366,-4.242055022477347,-0.8606678857744544,-162.49090707435187,False,False,,74.77818405839801,12.166364207320528,78.54300644597734,1.1852162752635209e-05
191.7,-1149.9625536208014,445.5190944945018,-17.069014101539466,-1145.5170716961154,369.5201907423028,21.901978222201095,1.393055555553181,13.737165069905176,-4.256559447720271,-0.9694615329182611,-162.4221198804778,False,False,,76.12880979680897,12.344109514351995,79.97950028767906,1.181878192535807e-05
191.8,-1150.0986638105567,445.5302539668776,-17.06903937124764,-1145.7994083376352,368.19195143089615,21.662083852834886,1.3119444444467958,13.841813069668417,-4.232825181463676,-1.0548923761760949,-162.49158740990802,False,False,,77.45770869815628,12.52986862522162,81.43171757968229,1.1785583904667627e-05
191.9,-1150.2143562799872,445.55253703791595,-17.059061747356257,-1146.0762218164366,366.8505693166314,21.42010593369632,1.163055555557714,13.975463544415744,-4.2286146143593495,-0.9913084625957648,-162.49115380328075,False,False,,78.81068379376329,12.81240798885803,82.90005587480869,1.175254545665944e-05
192.0,-1150.3300451492757,445.5748187141668,-17.069084124135344,-1150.487418249817,442.0137691427846,32.49329032483669,1.163888888888889,3.105587472560881,3.4386563244892026,-2.349147061853573,-145.91588392742514,True,True,1.5395628127979815,3.564525261884828,1.941698583671992,12.145131145397288,1.1719930120244024e-05
192.1,-1150.4321245382391,445.59709791234235,-17.06910405293965,-1150.7857561907924,442.07960676342327,32.45097635821512,0.9738888888883306,3.063186030588614,3.4643282881292623,-2.4305328221819256,-145.9096720382161,False,False,,3.5352226702729257,2.0892971417002832,12.27353792158901,1.168875769623068e-05
192.2,-1150.5205926475376,445.61937392759336,-17.069121533065886,-1151.079596188434,442.14746182093756,32.406334995879206,0.9361111111077122,3.034151891776327,3.4419469992085605,-2.5016389927411913,-145.8554653544649,False,False,,3.5166260300290295,2.0980407806686148,12.410038490533843,1.1657614018948864e-05
192.3,-1150.6090597574043,445.63052088110805,-17.089138238461135,-1151.3709979620273,442.21898596252726,32.35946292422983,0.8200000000033661,3.039882963987566,3.5769638400118287,-2.570511078160253,-145.8878460694664,False,False,,3.4955858347865245,2.2198829639842,12.554884992913479,1.1626520036132836e-05
192.4,-1150.6771117486624,445.64166376044085,-17.099151267966416,-1151.6608034805054,442.2937783322,32.31062209612305,0.7100000000015945,3.0253906698362494,3.4752566882314,-2.661616013671539,-145.8293288213709,False,False,,3.4894105897591903,2.315390669834655,12.70833668212223,1.1595461107620597e-05
192.5,-1150.7451647381781,445.66393570613224,-17.08916507693627,-1151.9494193147245,442.3713891896272,32.260733656261735,0.6919444444444445,3.03480764698263,3.429115091437582,-2.706395101106797,-145.8686000436717,False,False,,3.505865320927529,2.3428632025381857,12.870659204230884,1.1564466855856762e-05
192.6,-1150.7996062516013,445.6639470393401,-17.109174878874832,-1152.2376061819878,442.4535089673605,32.20987336341879,0.5319444444439149,3.0443113014826015,3.5349142534343803,-2.73459285823886,-145.89487070274114,False,False,,3.517777197863369,2.512366857038687,13.042097309539884,1.1533521575085528e-05
192.7,-1150.8540469629759,445.67508673967177,-17.11918545919628,-1152.5254899004583,442.5417216346676,32.156729244213224,0.4961111111105257,3.071101128510366,3.479466688839714,-2.808860911208969,-145.87185673165698,False,False,,3.5512953093931117,2.5749900173998403,13.222869561389427,1.1502636375009874e-05
192.8,-1150.9016846370669,445.6750971810021,-17.129194039321924,-1152.81255099648,442.6340398422288,32.10333732630734,0.4761111111116909,3.0535793128113764,3.303522687233779,-2.8163352489288687,-145.81044914371716,False,False,,3.5915790373099092,2.5774682016996855,13.413253254784511,1.147182734822455e-05
192.9,-1150.9357128332715,445.67510513867035,-17.129200167171405,-1153.0979915611354,442.72950114631203,32.04931027875829,0.29611111111372024,3.06257961428276,3.1250304935859567,-2.7957784117083517,-145.78954932275926,False,False,,3.654043264217017,2.76646850316904,13.613478974050492,1.1441110228818324e-05
193.0,-1150.9629309869788,445.6862384718712,-17.139205845621518,-1153.3829173696151,442.8308202202466,31.992001281875904,0.3280555555555556,3.0934929336259116,3.1934731242087353,-2.8059957621654488,-145.85470432348643,False,False,,3.74295972244643,2.765437378070356,13.82369467944918,1.1410480703857009e-05
193.1,-1150.9969547796575,445.69737339818363,-17.14921275203207,-1153.6663786154259,442.9356650889285,31.934605220754506,0.2938888888875465,3.059189372038829,3.4680001372546196,-2.922183508217721,-145.96916055123648,False,False,,3.840944727586858,2.7653004831512824,14.044185447152902,1.137992612094304e-05
193.2,-1151.0241799390678,445.68625209743766,-17.14921687661238,-1153.947707264628,443.0439794154761,31.876127816878164,0.20305555555388857,3.0828781186436953,3.442194394565122,-2.9865886760685587,-145.89640110912487,False,False,,3.940636617240576,2.8798225630898067,14.27512873672591,1.1349445514199113e-05
193.3,-1151.0377894166127,445.68625458150507,-17.1592193268502,-1154.2282154532677,443.15813746894895,31.815142646388054,0.14611111111276195,3.095880519143627,3.258515463318,-3.0180145938496867,-145.82159523644688,False,False,,4.070650369433044,2.949769408030865,14.516660503089707,1.1319076828693389e-05
193.4,-1151.0513988941345,445.6862570664812,-17.169221778963813,-1154.508831250581,443.27684595039403,31.754871259028615,0.0838888888897908,3.1161455893718375,3.019776893674283,-2.985643302709092,-145.75348235471463,False,False,,4.214154770025245,3.032256700482047,14.769042003377708,1.128882429264343e-05
193.5,-1151.058204533309,445.68625865794235,-17.169223004478056,-1154.7932000622307,443.4051213299684,31.691891560761327,0.018055555555555557,3.2501115723433984,3.0302058953480726,-3.0052945850438517,-145.74125205499567,False,False,,4.3765030686772155,3.2320560167878427,15.032331574223273,1.1258691915670022e-05
193.6,-1151.0513996959676,445.67512870120663,-17.17922100200574,-1155.0832291923082,443.5461514486202,31.623956273079482,0.05194444444406265,3.3418404391026546,3.3347326047968706,-3.134796498731693,-145.8080189187559,False,False,,4.5594071138244034,3.289895994658592,15.30662016860613,1.1228670447417009e-05
193.7,-1151.0582035342804,445.67512959381406,-17.189222226730863,-1155.375970507752,443.69443543869625,31.556307557117194,0.0261111111104931,3.3594674202694197,3.753553238751008,-3.2629694695695055,-145.91810149310064,False,False,,4.750395875431887,3.3333563091589267,15.592243885724825,1.1198749717782573e-05
193.8,-1151.0582035342804,445.67512959381406,-17.189222226730863,-1155.670434970032,443.8506207688688,31.49050170766215,0.005000000000612015,3.4362408836560907,4.045989684031476,-3.339437621329332,-146.0600663834155,False,False,,4.9599910553586035,3.431240883655479,15.889429397330783,1.1168930601050162e-05
193.9,-1151.0650099753213,445.664002818694,-17.19922267545527,-1155.9686118250927,444.01989656186623,31.421001941971333,0.008055555555511237,3.5617026465416246,4.156220974623333,-3.410127040722022,-146.14894626270726,False,False,,5.1718851964077,3.5536470909861135,16.198144515790002,1.1139217193727914e-05
194.0,-1151.0650099753213,445.6640028186938,-17.199222675455417,-1156.2700940522304,444.1993272293085,31.349096214900044,0.011944444444444443,3.6011023884851503,4.123875420618873,-3.4687120436517738,-146.14984477034696,False,False,,5.407233565311724,3.5891579440407058,16.518563004634874,1.1109619123400247e-05
194.1,-1151.0718164163407,445.65287604468114,-17.20922312503314,-1156.5746259459904,444.38816365278296,31.275335353124163,0.02305555555542008,3.7163924205531655,3.8897346928563548,-3.4816884247911557,-145.9900037358136,False,False,,5.646274006265112,3.6933368649977454,16.850834532382187,1.108015108006408e-05
194.2,-1151.0718146154381,445.6528753454588,-17.21922312396066,-1156.8826300102035,444.5889977738205,31.196932275520233,0.013888888888775045,3.80324600712782,3.5678992431357144,-3.482793400806671,-145.87712032521503,False,False,,5.9074030706797585,3.7893571182390446,17.194987164231936,1.1050829549102517e-05
194.3,-1151.0786228573716,445.64174926995963,-17.219223571713542,-1157.1931250393727,444.79887852721106,31.11808112833569,0.01000000000011274,3.8565873874310754,3.4226454595968603,-3.4701141477760697,-145.86980901922178,False,False,,6.172322741292656,3.846587387430963,17.55129947035067,1.102165061596283e-05
194.4,-1151.0854266956653,445.6417501627371,-17.2292247977453,-1157.5068618798578,445.0188969031451,31.03654881584079,0.028888888888615093,3.9794556218534076,3.5850046533398805,-3.5418532150331896,-145.9870375648291,False,False,,6.451571592082726,3.9505667329647927,17.91979107114171,1.0992606464330551e-05
194.5,-1151.0854274975295,445.6306217976611,-17.239224019764407,-1157.8240175343133,445.25128444351054,30.95052700080126,0.015000000000000001,4.070568895348216,3.7786286824084687,-3.689111453827689,-146.0819095177369,False,False,,6.749258663890082,4.055568895348216,18.300509766905265,1.0963685575107555e-05
194.6,-1151.0854274975295,445.6306217976609,-17.239224019764556,-1158.1433830075923,445.4939736972692,30.863256501850554,0.03194444444421044,4.139607071536787,3.8018866628828905,-3.7889806256392267,-145.98820392662438,False,False,,7.059278198609732,4.1076626270925765,18.693688664140133,1.0934893209502653e-05
194.7,-1151.0922339385681,445.6194950229099,-17.249224468773264,-1158.4653723291128,445.7471426971666,30.773590375922385,0.01611111111096471,4.246719939749825,3.686673297904346,-3.85465630920184,-145.95086854460115,False,False,,7.374243259810933,4.230608828638861,19.099368104814946,1.0906245599844708e-05
194.8,-1151.0922339385681,445.6194950229099,-17.249224468773264,-1158.7898236251385,446.01122823127304,30.68237731219425,0.011111111111256063,4.316971958400526,3.684231900125439,-3.833222582558386,-145.98916467698996,False,False,,7.707550965730241,4.30586084728927,19.517695208997853,1.0877739290117466e-05
194.9,-1151.0990403796213,445.60836824929504,-17.25922491630595,-1159.116219681073,446.2862041617636,30.58918240237163,0.03194444444414247,4.420261921228109,3.795840369823439,-3.9134859747946393,-146.05129710385245,False,False,,8.04578308655274,4.388317476783967,19.948729390954615,1.0849370458164693e-05
195.0,-1151.0990385786993,445.6083675508114,-17.269224915802454,-1159.4450226403449,446.5722387336917,30.493384437428645,0.021111111111111112,4.50417584901639,3.7974371798009146,-3.9842772702240032,-146.00956724993537,False,False,,8.40145806479026,4.483064737905279,20.392520512988163,1.082113789427908e-05
195.1,-1151.105846820728,445.5972414758484,-17.269225365144365,-1159.775595748285,446.867880931039,30.39855854752516,0.00805555555564174,4.566378601014713,3.6570942617310833,-4.075445065006057,-145.95084473158778,False,False,,8.76236675173802,4.558323045459071,20.849323065255025,1.079304819615991e-05
195.2,-1151.1058494235504,445.58611380814807,-17.269224586814012,-1160.1080303108167,447.17495393616673,30.301467654398778,0.013888888888864494,4.691156639089155,3.4873994947035767,-4.0421617345585235,-145.86227634521273,False,False,,9.141316846027513,4.677267750200291,21.31906536613516,1.076510481250216e-05
195.3,-1151.1126532617875,445.5861147011262,-17.279225811824112,-1160.442480074371,447.4934474310373,30.201653877009058,0.013055555555579714,4.759081641542209,3.530351037596567,-4.070970611045401,-145.9532032460351,False,False,,9.52279299866328,4.746026085986629,21.80178657648639,1.0737306761948253e-05
195.4,-1151.11265586463,445.5749870337653,-17.279225036106112,-1160.778418770106,447.8217255039445,30.102349834698682,0.008055555555628003,4.842860718280904,3.6541852496485943,-4.144159446821305,-146.00525227189866,False,False,,9.923447299112471,4.834805162725276,22.297703161161834,1.070964680795591e-05
195.5,-1151.1126566665184,445.5638586694268,-17.28922425869314,-1161.1166710317082,448.16166389928685,30.000388862360108,0.016944444444444446,4.962900668276585,3.7325630117879602,-4.2271039212223895,-145.93096638924658,False,False,,10.335806472221256,4.94595622383214,22.80673709863368,1.0682127100284875e-05
195.6,-1151.1194623057609,445.5638602616246,-17.289225484774683,-1161.45681321834,448.5129427174555,29.896496189276252,0.014999999999942526,5.035077408912859,3.5084217503949673,-4.261961507602521,-145.80448754305118,False,False,,10.749786566303918,5.0200774089129165,23.328986855664134,1.0654750329535139e-05
195.7,-1151.1194631076446,445.55273189410525,-17.29922470843846,-1161.7982878525186,448.8751361037063,29.791231195513394,0.011111111111046058,5.141015685392133,3.3441526043003704,-4.272595912001702,-145.78091865336077,False,False,,11.183723336336044,5.1299045742810865,23.864529080892034,1.0627520860995729e-05
195.8,-1151.1262713497208,445.54160581954045,-17.29922515573537,-1162.1417813700746,449.24901231655974,29.682944215143802,0.008888888888953311,5.24179005474288,3.4205874511836734,-4.33259253713842,-145.83549150468863,False,False,,11.62266423599404,5.232901165853927,24.41333394533176,1.0600434875664659e-05
195.9,-1151.1330777908468,445.53047904535543,-17.309225604004776,-1162.486656160747,449.63361134086864,29.57346205685566,0.018888888888743943,5.319491743584653,3.6169822066548667,-4.4032547420090875,-145.89202933803966,False,False,,12.072258961600856,5.300602854695909,24.975531373975908,1.0573488350679277e-05
196.0,-1151.1330777908468,445.53047904535526,-17.309225604004922,-1162.8332161954188,450.0296641482042,29.46094212234015,0.015000000000000001,5.444064056437168,3.5046285668612,-4.405341466577052,-145.89193829978072,False,False,,12.535386123922919,5.429064056437168,25.551070746434682,1.054668101099217e-05
196.1,-1151.1398860330185,445.5193529707584,-17.30922605362872,-1163.1819269928124,450.4374551246473,29.345728386022905,0.01194444444434181,5.531846332128576,3.3687535669323077,-4.438091980831039,-145.83573187594126,False,False,,13.007631578171338,5.5199018876842345,26.14005066564502,1.0520015056089075e-05
196.2,-1151.1466942751995,445.50822689468504,-17.309226502115536,-1163.5323631075312,450.8564162930221,29.22908844099777,0.004999999999943078,5.63861917416214,3.2430627843425954,-4.415897994673389,-145.79394222605916,False,False,,13.491031178700833,5.633619174162197,26.74258346990278,1.0493491782353843e-05
196.3,-1151.153502517402,445.4971008202875,-17.309226950716692,-1163.8848019058444,451.28806180670233,29.107550157563537,0.0030555555556119256,5.768719621358842,3.276303459226329,-4.44597257062483,-145.83664343693266,False,False,,13.986465359923097,5.76566406580323,27.358519321468755,1.0467109717079067e-05
196.4,-1151.1535051203361,445.48597315332273,-17.309226172952748,-1164.2384241508364,451.7305975543932,28.98411540335271,0.0030555555555555557,5.826670181180738,3.4844299887858017,-4.559561725927765,-145.9168576641914,False,False,,14.49863579600484,5.823614625625183,27.988025513005343,1.0440865545948374e-05
196.5,-1151.1603133625906,445.4748470800305,-17.309226622405703,-1164.5932377202494,452.18435869386144,28.859372951988618,0.005,5.960898836683865,3.522180651107909,-4.659265049003894,-145.89282511503566,False,False,,15.015358899963536,5.955898836683865,28.631207940283428,1.0414759779241777e-05
196.6,-1151.1671216048733,445.46372100395496,-17.3092270708909,-1164.950307916117,452.652438378008,28.728486859413692,0.003888888889069497,6.101345963723916,3.334174303043702,-4.708219019423628,-145.75676389561394,False,False,,15.545220563712483,6.097457074834846,29.287913311937267,1.0388792003354702e-05
196.7,-1151.1671242078487,445.45259333735834,-17.30922629341049,-1165.308858498457,453.13161060272796,28.595689692238516,0.016111111111046027,6.159311307968431,3.129173282337536,-4.678973058051145,-145.68637692356165,False,False,,16.092108466823536,6.143200196857385,29.958344754422285,1.036296137072592e-05
196.8,-1151.1739324501723,445.44146726108374,-17.309226742917105,-1165.668576534152,453.62161192880245,28.461588744127553,0.013888888888953312,6.2905076238907,3.0909556405566856,-4.710236341320002,-145.73565751741214,False,False,,16.643601590582897,6.276618735001747,30.642568214834178,1.033726959444342e-05
196.9,-1151.1807406925502,445.43034118668174,-17.309227191515475,-1166.030107261317,454.1249495133383,28.321823580997133,0.011111111111151376,6.415375241191585,2.8927077695693555,-4.754469767388929,-145.60213787437982,False,False,,17.207553616001714,6.404264130080434,31.340415270083156,1.031171451830123e-05
197.0,-1151.1875489349277,445.4192151117115,-17.309227640851788,-1166.393009875357,454.64049912308195,28.178200734258223,0.018888888888888893,6.51715658045709,2.700795001395892,-4.729303717568943,-145.54702595311872,False,False,,17.783085256199954,6.498267691568201,32.052006476721765,1.028629478010114e-05
197.1,-1151.1875515379272,445.40808744585246,-17.30922686393921,-1166.7559338873584,455.1654680851779,28.034977679544937,0.01305555555542008,6.564573598956196,2.7367461417063095,-4.771919464577612,-145.65417821739976,False,False,,18.373377640454795,6.551518043400776,32.77753561003366,1.0261010111685483e-05
197.2,-1151.1943615814812,445.39696206882144,-17.299227312184975,-1167.1193410039912,455.70025699562035,27.89020770517458,0.003888888888888861,6.687333082748867,2.8995203552521613,-4.807082663027926,-145.68736686411705,False,False,,18.967415637243953,6.6834441938599785,33.51688936466182,1.0235861363980081e-05
197.3,-1151.201168022847,445.3858352951713,-17.309227762040585,-1167.4837735068554,456.246479801037,27.742319175186623,0.003888888888888861,6.7744675444020315,2.9407121704803214,-4.938959377555721,-145.67248478825073,False,False,,19.57234887361891,6.770578655513143,34.270082244490375,1.021084175795016e-05
197.4,-1151.207976265375,445.374709220028,-17.309228210068426,-1167.847498190673,456.80163992273606,27.595867044943954,0.0019444444444726018,6.819033539999565,2.737214298866948,-4.983588592954168,-145.58351709489088,False,False,,20.185351995617058,6.817089095555093,35.03735419901682,1.0185953567763266e-05
197.5,-1151.2079788684327,445.3635815535996,-17.309227433893,-1168.211100905306,457.36707961630736,27.447498370141933,0.006944444444444445,6.949852135518807,2.588926617209358,-4.983955150593011,-145.58965774559314,False,False,,20.81321995132503,6.942907691074362,35.81854395237826,1.0161198263832011e-05
197.6,-1151.2147871109437,445.3524554788257,-17.30922788220508,-1168.575027953666,457.9434506328623,27.296388554549402,0.006111111111242483,7.014238865951506,2.533648777305572,-4.963896841786386,-145.5781847801488,False,False,,21.445538489072685,7.008127754840263,36.61366342197666,1.0136573918087744e-05
197.7,-1151.2215953535351,445.34132940402094,-17.309228332843922,-1168.9380897669341,458.52847135118407,27.1467469815622,0.015000000000000001,7.077817734079428,2.7446003682084603,-5.034562576204126,-145.6583276335576,False,False,,22.085626254073652,7.062817734079428,37.4229263584142,1.011207805298662e-05
197.8,-1151.228405397275,445.330204027356,-17.299228781371035,-1169.3013411375125,459.12427098930635,26.9946719629497,0.015000000000000001,7.2059744354691135,2.8724089642460537,-5.138703874052557,-145.61832552628564,False,False,,22.73559521150748,7.190974435469114,38.246180115972585,1.0087709243922295e-05
197.9,-1151.228408000379,445.3190763605575,-17.299228004910333,-1169.6645649218597,459.73052167850125,26.840797837294478,0.008055555555656187,7.259982790358803,2.7482248664215656,-5.202733729038205,-145.5736947668324,False,False,,23.400462349824256,7.251927234803147,39.08349861809396,1.0063462669322764e-05
198.0,-1151.2352154410814,445.31907865122747,-17.2892292314867,-1170.0264807873655,460.34572706140943,26.688134156689177,0.011111111111111112,7.338326277502553,2.453925175501537,-5.193731367604543,-145.49244595453175,False,False,,24.060586355234143,7.327215166391442,39.935062797293085,1.0039343351022296e-05
198.1,-1151.2420254849408,445.30795327419025,-17.27922967972699,-1170.3870688480224,460.9701540110755,26.536134370368792,0.008055555555493947,7.400013168536706,2.39554481768629,-5.222679182010586,-145.52721752804612,False,False,,24.735343484511503,7.391957612981212,40.8008709328959,1.001535081736673e-05
198.2,-1151.2488329256894,445.3079555644904,-17.269230906018258,-1170.7469442449208,461.6042950166693,26.383393280677705,0.003888888889100287,7.499415809498517,2.5302495413507393,-5.245334205484881,-145.5955875877704,False,False,,25.411552974145096,7.495526920609417,41.68086249522833,9.991484768970456e-06
198.3,-1151.255640366452,445.3079578547903,-17.259232132310025,-1171.1073800834226,462.24997836722684,26.227678656498327,0.011111111110901739,7.614475623938284,2.7118550955626963,-5.356466730916754,-145.57514207829942,False,False,,26.098345327513904,7.603364512827382,42.575038280943545,9.967740050056675e-06
198.4,-1151.2624478072566,445.30796014545837,-17.2492333588846,-1171.4671569199932,462.9059295613958,26.071730988047726,0.006944444444504841,7.670072076830118,2.666450610367159,-5.4659211606836,-145.4930964587865,False,False,,26.794006753275383,7.663127632385613,43.483568512376024,9.944112300092636e-06
198.5,-1151.2692570492784,445.30796313443375,-17.229234584651806,-1171.8257337422306,463.572478415128,25.914149660019287,0.006944444444444445,7.792247304478866,2.448492490012417,-5.5306028511439855,-145.3879863296335,False,False,,27.498386361141254,7.785302860034421,44.406370081006166,9.920604060634217e-06
198.6,-1151.2760662913415,445.3079661232094,-17.209235811440372,-1172.1837159892734,464.25023510655444,25.75412766663641,0.013888888888831415,7.868166741033477,2.350364228650447,-5.561529587206678,-145.39080689988012,False,False,,28.212397454467215,7.854277852144645,45.343475468236456,9.897215042618048e-06
198.7,-1151.2828711289844,445.319096081245,-17.19923781373809,-1172.5397576407292,464.93733605754437,25.595149492705495,0.009999999999886156,7.932594428818377,2.548740700101707,-5.624492046229819,-145.46496262748502,False,False,,28.926295371873497,7.922594428818491,46.29505200541382,9.873946884859748e-06
198.8,-1151.2964860107713,445.31910066183923,-17.179240266317446,-1172.8946786514675,465.6357855652672,25.433743003106716,0.006111111111223851,8.065709181332208,2.7048641119330084,-5.753620716334751,-145.50466186712293,False,False,,29.65214344376814,8.059598070220984,47.26097812509661,9.850795399199071e-06
198.9,-1151.3032952529802,445.31910365117983,-17.159241492365688,-1173.2485142816988,466.34569535594653,25.270390946904723,0.01805555555538242,8.131445832201294,2.5845969207617427,-5.784072369522176,-145.4209334978271,False,False,,30.39260102290354,8.113390276645912,48.24136975930122,9.827758760311322e-06
199.0,-1151.3101018919226,445.3302343071231,-17.139243495898967,-1173.6002242924708,467.0661539411823,25.106505857134728,0.011111111111111112,8.234742466647292,2.3837227479758254,-5.826787240910096,-145.37646994081726,False,False,,31.133579282981575,8.223631355536181,49.23630478812168,9.804836304787941e-06
199.1,-1151.3169111341606,445.33023729646317,-17.11924472194692,-1173.9505475067274,467.7983121087994,24.939683312775042,0.01305555555542008,8.337775517741902,2.510881361162491,-5.836645787726277,-145.4283231280414,False,False,,31.891940693822885,8.324719962186482,50.24569477397498,9.782030457672683e-06
199.2,-1151.3237159718565,445.341367254668,-17.109246725549756,-1174.2992304130971,468.5413805890465,24.771847162732783,0.0038888888891816047,8.418243153295423,2.7233212709175776,-5.951858270792913,-145.516640074206,False,False,,32.65141470985597,8.414354264406242,51.26968495218592,9.759335975697402e-06
199.3,-1151.3305244121177,445.352498609484,-17.079248727538175,-1174.646034443131,469.29674531260383,24.600993242749404,0.013888888888598992,8.552998403466207,2.674019821647996,-6.002325319187768,-145.45058315594667,False,False,,33.42065167207463,8.539109514577607,52.30823393668215,9.736754633021153e-06
199.4,-1151.344139294238,445.35250319044076,-17.05925118039466,-1174.9908711892356,470.06361865495995,24.42747364433273,0.013055555555567635,8.618206383196227,2.4937369895412713,-6.022751528444753,-145.36573876838412,False,False,,34.20244372577343,8.60515082764066,53.36135618323467,9.714280948406406e-06
199.5,-1151.350945933268,445.3636338463821,-17.039253183926576,-1175.3339924047964,470.8411424484589,24.252259111946866,0.021944444444444447,8.736748534581475,2.4734010579000048,-6.086825896323092,-145.37703176730489,False,False,,34.98985513865977,8.71480409013703,54.42912029168965,9.691917665775294e-06
199.6,-1151.3577525723122,445.3747645028913,-17.019255186720347,-1175.6757696453838,471.63245358114045,24.071780523754878,0.013888888888876573,8.876582769635862,2.6956687559791006,-6.1727544387929205,-145.45184113490765,False,False,,35.78871596042816,8.862693880746985,55.51149703563184,9.66966469760873e-06
199.7,-1151.3645618147682,445.3747674916589,-16.99925641350252,-1176.0147422358996,472.43610087535376,23.889714968738257,0.013055555555645006,8.943832737605943,2.840386553195395,-6.234220276213539,-145.48456681992442,False,False,,36.60528867933988,8.930777182050297,56.60872672856781,9.647518042515016e-06
199.8,-1151.3713684538634,445.38589814927366,-16.97925841714955,-1176.3511282708482,473.2521063985113,23.70534470323778,0.0161111111110225,9.089797425308268,2.8696964070433166,-6.2847699212721535,-145.4532774061325,False,False,,37.42344135303605,9.073686314197245,57.72079201225032,9.625477876626135e-06
199.9,-1151.3781776964045,445.3859011384085,-16.959259644214548,-1176.6868912124023,474.08300717155146,23.514346452393035,0.016944444444432365,9.236393514787116,2.538603761078996,-6.297244021427134,-145.34805595314796,False,False,,38.262970016875364,9.219449070342684,58.847624183743385,9.603540673320288e-06
200.0,-1151.3917943802176,445.3859064184006,-16.929262096824715,-1177.0199302756348,474.92473617099205,23.32238048111401,0.008888888888888889,9.270827761977507,2.2411532563080874,-6.297716144018617,-145.28324860891195,False,False,,39.106825652647316,9.261938873088619,59.98940200857041,9.581709962988261e-06
